,Incident_Number,Area_Occ,Rpt_Dist,Dispatch_Date,Dispatch_Time,Call_Type_Code,Call_Type_Text,Incident_ID,Crime Reports,Crash Reports,Start Time,End Time,Priority,Location,Close Type,NOPD_Item,Type,TypeText,InitialType,InitialTypeText,InitialPriority,MapX,MapY,TimeCreate,TimeDispatch,TimeArrive,TimeClosed,Disposition,DispositionText,SelfInitiated,Beat,BLOCK_ADDRESS,Zip,PoliceDistrict,ID,Event Number,Event Case Number,Type of Event,Event Subtype,Classification,Display Address,Crime date,Crime Time,Latitude,Longitude,Submit an anonymous tip,Neighborhood Name,Council District,Event Subtype - Type of Event,Location.1,OBJECTID,IncidentNumber,ReportNumber,Call_Type,Block_Address,CityName,State,Zone,Case_Disposition,Subdivision,Call_Date_Time,Entry_Date_Time,Dispatch_Date_Time,EnRoute_Date_Time,OnScene_Date_Time,Close_Date_Time
0,PD20032400001494,Van Nuys,906.0,3/24/2020 0:00,9:34:26,6,CODE 6,,,,,,,,,,,,,,,,,,,,,,,,,,,,,,,,,,,,,,,,,,,,,,,,,,,,,,,,,,,
1,PD20032800004517,Central,182.0,3/28/2020 0:00,21:19:40,242DS,DOM VIOL SUSP,,,,,,,,,,,,,,,,,,,,,,,,,,,,,,,,,,,,,,,,,,,,,,,,,,,,,,,,,,,
2,PD20032500004416,Outside,,3/25/2020 0:00,18:18:34,6,CODE 6,,,,,,,,,,,,,,,,,,,,,,,,,,,,,,,,,,,,,,,,,,,,,,,,,,,,,,,,,,,
3,PD20032500003685,Outside,,3/25/2020 0:00,16:14:42,6,CODE 6,,,,,,,,,,,,,,,,,,,,,,,,,,,,,,,,,,,,,,,,,,,,,,,,,,,,,,,,,,,
4,PD20032300004227,Hollywood,668.0,3/23/2020 0:00,18:22:28,9212,TRESPASS SUSP,,,,,,,,,,,,,,,,,,,,,,,,,,,,,,,,,,,,,,,,,,,,,,,,,,,,,,,,,,,
5,PD20032300001011,Outside,,3/23/2020 0:00,8:11:04,6,CODE 6,,,,,,,,,,,,,,,,,,,,,,,,,,,,,,,,,,,,,,,,,,,,,,,,,,,,,,,,,,,
6,PD20032800004828,West LA,836.0,3/28/2020 0:00,23:42:52,507A,AUTO REPAIR,,,,,,,,,,,,,,,,,,,,,,,,,,,,,,,,,,,,,,,,,,,,,,,,,,,,,,,,,,,
7,PD20032300005141,Outside,,3/23/2020 0:00,21:30:12,6,CODE 6,,,,,,,,,,,,,,,,,,,,,,,,,,,,,,,,,,,,,,,,,,,,,,,,,,,,,,,,,,,
8,PD20032600004915,Outside,,3/26/2020 0:00,20:31:42,902,TRAFFIC STOP,,,,,,,,,,,,,,,,,,,,,,,,,,,,,,,,,,,,,,,,,,,,,,,,,,,,,,,,,,,
9,PD20032800003899,Wilshire,701.0,3/28/2020 0:00,19:37:22,415G,GRP,,,,,,,,,,,,,,,,,,,,,,,,,,,,,,,,,,,,,,,,,,,,,,,,,,,,,,,,,,,
10,PD20032600000542,N Hollywood,1591.0,3/26/2020 0:00,5:40:56,906B1,CODE 30 RINGER,,,,,,,,,,,,,,,,,,,,,,,,,,,,,,,,,,,,,,,,,,,,,,,,,,,,,,,,,,,
11,PD20032300001145,Outside,,3/23/2020 0:00,8:37:12,902,TRAFFIC STOP,,,,,,,,,,,,,,,,,,,,,,,,,,,,,,,,,,,,,,,,,,,,,,,,,,,,,,,,,,,
12,PD20032600003256,Hollywood,632.0,3/26/2020 0:00,15:31:35,415M,MAN,,,,,,,,,,,,,,,,,,,,,,,,,,,,,,,,,,,,,,,,,,,,,,,,,,,,,,,,,,,
13,PD20032700004800,West Valley,1001.0,3/27/2020 0:00,21:30:58,242I,BATTERY INVEST,,,,,,,,,,,,,,,,,,,,,,,,,,,,,,,,,,,,,,,,,,,,,,,,,,,,,,,,,,,
14,PD20032100004601,Devonshire,1727.0,3/21/2020 0:00,21:17:46,246H,HEARD ONLY,,,,,,,,,,,,,,,,,,,,,,,,,,,,,,,,,,,,,,,,,,,,,,,,,,,,,,,,,,,
15,PD20032400002302,Topanga,2175.0,3/24/2020 0:00,12:16:51,242A,AMB,,,,,,,,,,,,,,,,,,,,,,,,,,,,,,,,,,,,,,,,,,,,,,,,,,,,,,,,,,,
16,PD20032600003772,Outside,,3/26/2020 0:00,16:59:08,6,CODE 6,,,,,,,,,,,,,,,,,,,,,,,,,,,,,,,,,,,,,,,,,,,,,,,,,,,,,,,,,,,
17,PD20032200000580,Northeast,1158.0,3/22/2020 0:00,3:29:50,245PFJ,POSS SHOTS FIRED J/O,,,,,,,,,,,,,,,,,,,,,,,,,,,,,,,,,,,,,,,,,,,,,,,,,,,,,,,,,,,
18,PD20032700001904,Southwest,316.0,3/27/2020 0:00,11:41:03,9201,CHILD,,,,,,,,,,,,,,,,,,,,,,,,,,,,,,,,,,,,,,,,,,,,,,,,,,,,,,,,,,,
19,PD20032100000975,Outside,,3/21/2020 0:00,7:55:44,6,CODE 6,,,,,,,,,,,,,,,,,,,,,,,,,,,,,,,,,,,,,,,,,,,,,,,,,,,,,,,,,,,
20,PD20032200003098,Rampart,221.0,3/22/2020 0:00,17:16:03,930W,WMN,,,,,,,,,,,,,,,,,,,,,,,,,,,,,,,,,,,,,,,,,,,,,,,,,,,,,,,,,,,
21,PD20032200000706,Pacific,1434.0,3/22/2020 0:00,5:09:58,415M,MAN,,,,,,,,,,,,,,,,,,,,,,,,,,,,,,,,,,,,,,,,,,,,,,,,,,,,,,,,,,,
22,PD20032500002982,Outside,,3/25/2020 0:00,14:20:51,6,CODE 6,,,,,,,,,,,,,,,,,,,,,,,,,,,,,,,,,,,,,,,,,,,,,,,,,,,,,,,,,,,
23,PD20032700000805,Central,131.0,3/27/2020 0:00,7:21:32,620M,MAN/WMN,,,,,,,,,,,,,,,,,,,,,,,,,,,,,,,,,,,,,,,,,,,,,,,,,,,,,,,,,,,
24,PD20032400004937,Outside,,3/24/2020 0:00,19:53:24,6,CODE 6,,,,,,,,,,,,,,,,,,,,,,,,,,,,,,,,,,,,,,,,,,,,,,,,,,,,,,,,,,,
25,PD20032500004847,Mission,1971.0,3/25/2020 0:00,20:41:10,415M,MAN,,,,,,,,,,,,,,,,,,,,,,,,,,,,,,,,,,,,,,,,,,,,,,,,,,,,,,,,,,,
26,PD20032500003945,Topanga,2143.0,3/25/2020 0:00,17:09:35,415M,MAN,,,,,,,,,,,,,,,,,,,,,,,,,,,,,,,,,,,,,,,,,,,,,,,,,,,,,,,,,,,
27,PD20032500005649,Outside,,3/25/2020 0:00,22:23:58,6,CODE 6,,,,,,,,,,,,,,,,,,,,,,,,,,,,,,,,,,,,,,,,,,,,,,,,,,,,,,,,,,,
28,PD20032200001525,Outside,,3/22/2020 0:00,10:49:25,6,CODE 6,,,,,,,,,,,,,,,,,,,,,,,,,,,,,,,,,,,,,,,,,,,,,,,,,,,,,,,,,,,
29,PD20032500005666,Outside,,3/25/2020 0:00,22:28:47,6,CODE 6,,,,,,,,,,,,,,,,,,,,,,,,,,,,,,,,,,,,,,,,,,,,,,,,,,,,,,,,,,,
30,PD20032600004774,Newton,1321.0,3/26/2020 0:00,20:14:09,415G,GRP,,,,,,,,,,,,,,,,,,,,,,,,,,,,,,,,,,,,,,,,,,,,,,,,,,,,,,,,,,,
31,PD20032400004632,Central,166.0,3/24/2020 0:00,19:05:48,459PSN,POSS SUSP NOW,,,,,,,,,,,,,,,,,,,,,,,,,,,,,,,,,,,,,,,,,,,,,,,,,,,,,,,,,,,
32,PD20032400005171,Rampart,299.0,3/24/2020 0:00,20:39:29,6,CODE 6,,,,,,,,,,,,,,,,,,,,,,,,,,,,,,,,,,,,,,,,,,,,,,,,,,,,,,,,,,,
33,PD20032600004305,Outside,,3/26/2020 0:00,18:35:01,902,TRAFFIC STOP,,,,,,,,,,,,,,,,,,,,,,,,,,,,,,,,,,,,,,,,,,,,,,,,,,,,,,,,,,,
34,PD20032500005335,Outside,,3/25/2020 0:00,21:20:03,6,CODE 6,,,,,,,,,,,,,,,,,,,,,,,,,,,,,,,,,,,,,,,,,,,,,,,,,,,,,,,,,,,
35,PD20032400005437,Outside,,3/24/2020 0:00,21:36:02,6,CODE 6,,,,,,,,,,,,,,,,,,,,,,,,,,,,,,,,,,,,,,,,,,,,,,,,,,,,,,,,,,,
36,PD20032300003447,Outside,,3/23/2020 0:00,15:51:42,6,CODE 6,,,,,,,,,,,,,,,,,,,,,,,,,,,,,,,,,,,,,,,,,,,,,,,,,,,,,,,,,,,
37,PD20032400002560,Foothill,1636.0,3/24/2020 0:00,13:06:31,415M,MAN,,,,,,,,,,,,,,,,,,,,,,,,,,,,,,,,,,,,,,,,,,,,,,,,,,,,,,,,,,,
38,PD20032100002432,Hollenbeck,438.0,3/21/2020 0:00,14:16:20,507R,RADIO,,,,,,,,,,,,,,,,,,,,,,,,,,,,,,,,,,,,,,,,,,,,,,,,,,,,,,,,,,,
39,PD20032400000254,Southeast,1863.0,3/24/2020 0:00,1:38:19,245D,DOM VIOL,,,,,,,,,,,,,,,,,,,,,,,,,,,,,,,,,,,,,,,,,,,,,,,,,,,,,,,,,,,
40,PD20032600002884,Outside,,3/26/2020 0:00,14:20:30,6,CODE 6,,,,,,,,,,,,,,,,,,,,,,,,,,,,,,,,,,,,,,,,,,,,,,,,,,,,,,,,,,,
41,PD20032300004828,Outside,,3/23/2020 0:00,20:26:00,6,CODE 6,,,,,,,,,,,,,,,,,,,,,,,,,,,,,,,,,,,,,,,,,,,,,,,,,,,,,,,,,,,
42,PD20032600002981,Topanga,2144.0,3/26/2020 0:00,14:40:12,415M,MAN,,,,,,,,,,,,,,,,,,,,,,,,,,,,,,,,,,,,,,,,,,,,,,,,,,,,,,,,,,,
43,PD20032600002058,Wilshire,724.0,3/26/2020 0:00,11:41:01,902,TRAFFIC STOP,,,,,,,,,,,,,,,,,,,,,,,,,,,,,,,,,,,,,,,,,,,,,,,,,,,,,,,,,,,
44,PD20032100002101,Harbor,509.0,3/21/2020 0:00,12:55:19,242PD,POSS DOM VIOL,,,,,,,,,,,,,,,,,,,,,,,,,,,,,,,,,,,,,,,,,,,,,,,,,,,,,,,,,,,
45,PD20032300003711,Olympic,2083.0,3/23/2020 0:00,16:40:05,6,CODE 6,,,,,,,,,,,,,,,,,,,,,,,,,,,,,,,,,,,,,,,,,,,,,,,,,,,,,,,,,,,
46,PD20032800002267,Outside,,3/28/2020 0:00,13:24:28,6,CODE 6,,,,,,,,,,,,,,,,,,,,,,,,,,,,,,,,,,,,,,,,,,,,,,,,,,,,,,,,,,,
0,,,,,,,,P1900099420,190014036.0,,3/26/2019 19:37,3/26/2019 20:40,4.0,4600 BLK  EDGEFIELD RD,THEFT/LARCENY - OCCURRED EARLIER,,,,,,,,,,,,,,,,,,,,,,,,,,,,,,,,,,,,,,,,,,,,,,,,,,,
1,,,,,,,,P1900281711,190040608.0,,8/25/2019 1:01,8/25/2019 1:49,1.0,9500 BLK  HORIZON RUN RD,"MISSING, RUNAWAY, FOUND PERSON",,,,,,,,,,,,,,,,,,,,,,,,,,,,,,,,,,,,,,,,,,,,,,,,,,,
2,,,,,,,,P1900027078,190003827.0,,1/24/2019 17:38,1/24/2019 22:41,3.0,400 BLK W DIAMOND AVE,INDECENCY/LEWDNESS - OCCURRED EARLIER,,,,,,,,,,,,,,,,,,,,,,,,,,,,,,,,,,,,,,,,,,,,,,,,,,,
3,,,,,,,,P1900366994,190053313.0,,11/5/2019 14:43,11/5/2019 16:56,4.0,10400 BLK  AUTO PARK AVE,FRAUD/DECEPTION - OCCURRED EARLIER,,,,,,,,,,,,,,,,,,,,,,,,,,,,,,,,,,,,,,,,,,,,,,,,,,,
4,,,,,,,,P1900219122,,,7/1/2019 23:35,7/1/2019 23:49,0.0,18800 BLK  NATHANS PL,DOMESTIC DISTURBANCE/VIOLENCE,,,,,,,,,,,,,,,,,,,,,,,,,,,,,,,,,,,,,,,,,,,,,,,,,,,
5,,,,,,,,P1900220461,,,7/2/2019 23:31,7/3/2019 0:07,1.0,11900 BLK  RUMSFELD TER,"SUSPICIOUS CIRC, PERSONS, VEHICLE",,,,,,,,,,,,,,,,,,,,,,,,,,,,,,,,,,,,,,,,,,,,,,,,,,,
6,,,,,,,,P1900220462,,,7/2/2019 23:35,7/3/2019 0:04,2.0,BRADLEY BLVD / WOODHAVEN BLVD,TRAFFIC ASSIST FOR FRS,,,,,,,,,,,,,,,,,,,,,,,,,,,,,,,,,,,,,,,,,,,,,,,,,,,
7,,,,,,,,P1900220465,,,7/2/2019 23:35,7/2/2019 23:47,0.0,2900 BLK  UNIVERSITY BLVD W,DOMESTIC DISTURBANCE/VIOLENCE,,,,,,,,,,,,,,,,,,,,,,,,,,,,,,,,,,,,,,,,,,,,,,,,,,,
8,,,,,,,,P1900222778,,,7/4/2019 23:33,7/4/2019 23:52,2.0,18600 BLK  THUNDERCLOUD RD,DISTURBANCE/NUISANCE,,,,,,,,,,,,,,,,,,,,,,,,,,,,,,,,,,,,,,,,,,,,,,,,,,,
9,,,,,,,,P1900222785,,,7/4/2019 23:32,7/5/2019 0:04,2.0,8000 BLK  WESTOVER RD,TRAFFIC VIOLATION,,,,,,,,,,,,,,,,,,,,,,,,,,,,,,,,,,,,,,,,,,,,,,,,,,,
10,,,,,,,,P1900223879,,,7/5/2019 23:35,7/6/2019 0:08,3.0,3200 BLK  BEAVERWOOD LN,NOISE - NOISE - OTHER COMPLAINTS,,,,,,,,,,,,,,,,,,,,,,,,,,,,,,,,,,,,,,,,,,,,,,,,,,,
11,,,,,,,,P1900224937,,,7/6/2019 23:31,7/6/2019 23:39,2.0,RANDOLPH RD / NEW HAMPSHIRE AVE,TRAFFIC VIOLATION,,,,,,,,,,,,,,,,,,,,,,,,,,,,,,,,,,,,,,,,,,,,,,,,,,,
12,,,,,,,,P1900225847,,,7/7/2019 23:34,7/8/2019 0:26,4.0,12000 BLK  CHASE CROSSING CIR,PARKING OFFENSE,,,,,,,,,,,,,,,,,,,,,,,,,,,,,,,,,,,,,,,,,,,,,,,,,,,
13,,,,,,,,P1900031176,190004379.0,,1/28/2019 9:46,1/28/2019 12:59,4.0,18800 BLK  WALKERS CHOICE RD,BURGLARY - OCCURRED EARLIER,,,,,,,,,,,,,,,,,,,,,,,,,,,,,,,,,,,,,,,,,,,,,,,,,,,
14,,,,,,,,P1900203896,190029207.0,,6/18/2019 21:20,6/18/2019 22:01,4.0,800 BLK  SUFFIELD DR,THEFTT - TRS THEFT/LARCENY - TELEPHONE REPORTING UNIT,,,,,,,,,,,,,,,,,,,,,,,,,,,,,,,,,,,,,,,,,,,,,,,,,,,
15,,,,,,,,P1900162097,190023126.0,,5/16/2019 12:51,5/16/2019 15:34,4.0,9400 BLK  BYEFORDE RD,FRAUD/DECEPTION - OCCURRED EARLIER,,,,,,,,,,,,,,,,,,,,,,,,,,,,,,,,,,,,,,,,,,,,,,,,,,,
16,,,,,,,,P1900085853,190012080.0,,3/15/2019 19:51,3/16/2019 0:39,4.0,7800 BLK  HAMILTON SPRING RD,BURGLARY - OCCURRED EARLIER,,,,,,,,,,,,,,,,,,,,,,,,,,,,,,,,,,,,,,,,,,,,,,,,,,,
17,,,,,,,,P2000075146,200011538.0,,3/9/2020 7:16,3/9/2020 7:43,4.0,14200 BLK  BRIARWOOD TER,"VANDALISM, DAMAGE, MISCHIEF-TRS - TELEPHONE REPORTING UNIT",,,,,,,,,,,,,,,,,,,,,,,,,,,,,,,,,,,,,,,,,,,,,,,,,,,
18,,,,,,,,P1700590697,,170512541.0,6/8/2017 17:59,6/8/2017 19:31,2.0,UNIVERSITY BLVD E / W495-193 RAMP,TRAFFIC/TRANSPORTATION INCIDENT,,,,,,,,,,,,,,,,,,,,,,,,,,,,,,,,,,,,,,,,,,,,,,,,,,,
19,,,,,,,,P1900187433,,,6/5/2019 9:18,6/5/2019 9:54,2.0,9700 BLK  WASHINGTONIAN BLVD,DISTURBANCE/NUISANCE,,,,,,,,,,,,,,,,,,,,,,,,,,,,,,,,,,,,,,,,,,,,,,,,,,,
20,,,,,,,,P1900189082,190027093.0,,6/6/2019 16:19,6/6/2019 17:58,4.0,800 BLK  BURDETTE RD,THEFT/LARCENY FROM AUTO - OCCURRED EARLIER,,,,,,,,,,,,,,,,,,,,,,,,,,,,,,,,,,,,,,,,,,,,,,,,,,,
21,,,,,,,,P1900204593,190029302.0,,6/19/2019 12:44,6/19/2019 13:44,4.0,1  BLK W MONTGOMERY AVE,FRAUD/DECEPTION - OCCURRED EARLIER,,,,,,,,,,,,,,,,,,,,,,,,,,,,,,,,,,,,,,,,,,,,,,,,,,,
22,,,,,,,,P1900282899,,,8/26/2019 5:47,8/26/2019 6:12,1.0,12000 BLK  CHERRY HILL RD,"SUSPICIOUS CIRC, PERSONS, VEHICLE",,,,,,,,,,,,,,,,,,,,,,,,,,,,,,,,,,,,,,,,,,,,,,,,,,,
23,,,,,,,,P1900282911,,,8/26/2019 6:25,8/26/2019 7:43,2.0,5400 BLK  RANDOLPH RD,TRAFFIC/TRANSPORTATION INCIDENT,,,,,,,,,,,,,,,,,,,,,,,,,,,,,,,,,,,,,,,,,,,,,,,,,,,
24,,,,,,,,P1900282914,190040764.0,,8/26/2019 6:30,8/26/2019 7:45,4.0,10300 BLK  RIVER RD,"VANDALISM, DAMAGE, MISCHIEF - OCCURRED EARLIER",,,,,,,,,,,,,,,,,,,,,,,,,,,,,,,,,,,,,,,,,,,,,,,,,,,
25,,,,,,,,P1900282922,,,8/26/2019 6:37,8/26/2019 6:43,1.0,7900 BLK  CESSNA AVE,ALARMRB - ALARM COMMERCIAL BURGLARY/INTRUSION,,,,,,,,,,,,,,,,,,,,,,,,,,,,,,,,,,,,,,,,,,,,,,,,,,,
26,,,,,,,,P1900282924,,,8/26/2019 6:38,8/26/2019 7:04,1.0,6300 BLK  WILSON LN,ALARMRB - RESIDENTIAL BURGLARY/INTRUSION,,,,,,,,,,,,,,,,,,,,,,,,,,,,,,,,,,,,,,,,,,,,,,,,,,,
27,,,,,,,,P1900282939,,,8/26/2019 7:06,8/26/2019 7:32,2.0,RANDOLPH RD / VEIRS MILL RD,TRAFFIC VIOLATION,,,,,,,,,,,,,,,,,,,,,,,,,,,,,,,,,,,,,,,,,,,,,,,,,,,
28,,,,,,,,P1900195241,,190027929.0,6/11/2019 19:11,6/11/2019 20:43,2.0,ROEDER RD / FENTON ST,TRAFFIC/TRANSPORTATION INCIDENT,,,,,,,,,,,,,,,,,,,,,,,,,,,,,,,,,,,,,,,,,,,,,,,,,,,
29,,,,,,,,P1900282952,,,8/26/2019 7:13,8/26/2019 8:12,1.0,1  BLK  SUNNYSIDE RD,DOMESTIC VIOLENCE,,,,,,,,,,,,,,,,,,,,,,,,,,,,,,,,,,,,,,,,,,,,,,,,,,,
30,,,,,,,,P1900282953,,,8/26/2019 7:15,8/26/2019 7:52,2.0,8500 BLK  GEORGIA AVE,TRESPASSING/UNWANTED,,,,,,,,,,,,,,,,,,,,,,,,,,,,,,,,,,,,,,,,,,,,,,,,,,,
31,,,,,,,,P1900195344,190027945.0,,6/11/2019 20:41,6/11/2019 21:40,4.0,9300 BLK E PARKHILL DR,"VANDALISM, DAMAGE, MISCHIEF - OCCURRED EARLIER",,,,,,,,,,,,,,,,,,,,,,,,,,,,,,,,,,,,,,,,,,,,,,,,,,,
32,,,,,,,,P1900282959,,,8/26/2019 7:26,8/26/2019 7:55,1.0,16000 BLK  SHADY GROVE RD,"SUSPICIOUS CIRC, PERSONS, VEHICLE",,,,,,,,,,,,,,,,,,,,,,,,,,,,,,,,,,,,,,,,,,,,,,,,,,,
33,,,,,,,,P1900282960,190040772.0,,8/26/2019 7:25,8/26/2019 8:43,2.0,18900 BLK  KINGSVIEW RD,THEFT/LARCENY FROM AUTO,,,,,,,,,,,,,,,,,,,,,,,,,,,,,,,,,,,,,,,,,,,,,,,,,,,
34,,,,,,,,P1900283056,,,8/26/2019 9:14,8/26/2019 9:48,1.0,TOWNE CREST DR / WASHINGTON GROVE LN,ASSAULT JUST OCCURRED - ROUTINE,,,,,,,,,,,,,,,,,,,,,,,,,,,,,,,,,,,,,,,,,,,,,,,,,,,
35,,,,,,,,P1900196042,190028034.0,,6/12/2019 12:13,6/12/2019 13:19,2.0,1000 BLK  MILESTONE DR,STATION RESPONSE,,,,,,,,,,,,,,,,,,,,,,,,,,,,,,,,,,,,,,,,,,,,,,,,,,,
36,,,,,,,,P2000075295,200011569.0,200011569.0,3/9/2020 10:22,3/9/2020 15:45,0.0,11100 BLK  NEW HAMPSHIRE AVE,TRAFFIC/TRANSPORTATION INCIDENT,,,,,,,,,,,,,,,,,,,,,,,,,,,,,,,,,,,,,,,,,,,,,,,,,,,
37,,,,,,,,P1900195280,190027930.0,,6/11/2019 19:45,6/11/2019 20:24,4.0,5900 BLK  AVON DR,THEFT/LARCENY - OCCURRED EARLIER,,,,,,,,,,,,,,,,,,,,,,,,,,,,,,,,,,,,,,,,,,,,,,,,,,,
38,,,,,,,,P1900282901,190040765.0,,8/26/2019 5:53,8/26/2019 7:20,4.0,6200 BLK  VALLEY RD,THEFTT - TRS THEFT/LARCENY - TELEPHONE REPORTING UNIT,,,,,,,,,,,,,,,,,,,,,,,,,,,,,,,,,,,,,,,,,,,,,,,,,,,
39,,,,,,,,P1900385604,190056309.0,190056309.0,11/21/2019 17:59,11/21/2019 19:17,0.0,OWENS RD / GEORGIA AVE,TRAFFIC/TRANSPORTATION INCIDENT,,,,,,,,,,,,,,,,,,,,,,,,,,,,,,,,,,,,,,,,,,,,,,,,,,,
40,,,,,,,,P1900325600,190046996.0,,10/1/2019 9:18,10/1/2019 10:34,4.0,19400 BLK  WOODFIELD RD,THEFT/LARCENY - OCCURRED EARLIER,,,,,,,,,,,,,,,,,,,,,,,,,,,,,,,,,,,,,,,,,,,,,,,,,,,
41,,,,,,,,P1900204389,190029261.0,,6/19/2019 9:45,6/19/2019 10:29,4.0,16000 BLK  INDUSTRIAL DR,THEFT/LARCENY - OCCURRED EARLIER,,,,,,,,,,,,,,,,,,,,,,,,,,,,,,,,,,,,,,,,,,,,,,,,,,,
42,,,,,,,,P1900207949,,,6/22/2019 4:14,6/22/2019 4:23,1.0,CONNECTICUT AVE / BEL PRE RD,"SUSPICIOUS CIRC, PERSONS, VEHICLE",,,,,,,,,,,,,,,,,,,,,,,,,,,,,,,,,,,,,,,,,,,,,,,,,,,
43,,,,,,,,P1900171860,190024616.0,,5/23/2019 18:51,5/23/2019 20:46,4.0,3300 BLK  TEAGARDEN CIR,THEFT/LARCENY - OCCURRED EARLIER,,,,,,,,,,,,,,,,,,,,,,,,,,,,,,,,,,,,,,,,,,,,,,,,,,,
44,,,,,,,,P1900208087,,,6/22/2019 9:25,6/22/2019 9:50,2.0,8000 BLK  SNOUFFER SCHOOL RD,TRAFFIC/TRANSPORTATION INCIDENT,,,,,,,,,,,,,,,,,,,,,,,,,,,,,,,,,,,,,,,,,,,,,,,,,,,
45,,,,,,,,P1900196253,190028066.0,,6/12/2019 15:33,6/12/2019 17:16,1.0,8000 BLK  13TH ST,SUICIDAL PERSON/ATTEMPTED SUICIDE,,,,,,,,,,,,,,,,,,,,,,,,,,,,,,,,,,,,,,,,,,,,,,,,,,,
46,,,,,,,,P1900184658,190026383.0,,6/3/2019 8:24,6/3/2019 9:21,4.0,PARAMOUNT PARK DR / SPECTRUM AVE,"VANDALISM, DAMAGE, MISCHIEF - OCCURRED EARLIER",,,,,,,,,,,,,,,,,,,,,,,,,,,,,,,,,,,,,,,,,,,,,,,,,,,
47,,,,,,,,,,,,,,,,,,,,,,,,,,,,,,,,,,,,,,,,,,,,,,,,,,,,,,,,,,,,,,,,,,
48,,,,,,,,,,,,,,,,,,,,,,,,,,,,,,,,,,,,,,,,,,,,,,,,,,,,,,,,,,,,,,,,,,
49,,,,,,,,,,,,,,,,,,,,,,,,,,,,,,,,,,,,,,,,,,,,,,,,,,,,,,,,,,,,,,,,,,
0,,,,,,,,,,,,,2D,POINT (0 0),,A1096622,24,MEDICAL,35,SIMPLE BATTERY,1F,37369000.0,3513814.0,1/10/2022 17:21,1/10/2022 20:19,1/10/2022 20:34,1/10/2022 23:10,RTF,REPORT TO FOLLOW,N,2A02,002XX Henry Clay Ave,70118.0,2.0,,,,,,,,,,,,,,,,,,,,,,,,,,,,,,,,
1,,,,,,,,,,,,,2C,POINT (-90.10076745 29.96781152),,A1898722,103D,DOMESTIC DISTURBANCE,67A,AUTO THEFT,1D,3671098.0,535885.0,1/17/2022 21:06,1/19/2022 7:25,1/19/2022 7:38,1/19/2022 9:10,RTF,REPORT TO FOLLOW,N,1L03,037XX D'Hemecourt St,70119.0,1.0,,,,,,,,,,,,,,,,,,,,,,,,,,,,,,,,
2,,,,,,,,,,,,,2D,POINT (-90.10047893 29.96634034),,A1933722,20I,AUTO ACCIDENT WITH INJURY,20,AUTO ACCIDENT,1E,3671195.0,535351.0,1/18/2022 7:16,,1/18/2022 7:41,1/18/2022 9:58,RTF,REPORT TO FOLLOW,N,1L03,Tulane Ave & S Genois St,70119.0,1.0,,,,,,,,,,,,,,,,,,,,,,,,,,,,,,,,
3,,,,,,,,,,,,,1A,POINT (-89.99471656 30.01268797),,A3133622,58R,RECOVERY OF REPORTED STOLEN VEHICLE,58,RETURN FOR ADDITIONAL INFO,1I,3704484.0,552581.0,1/28/2022 13:50,,,1/30/2022 17:16,GOA,GONE ON ARRIVAL,N,7F01,078XX Chef Menteur Hwy,70126.0,7.0,,,,,,,,,,,,,,,,,,,,,,,,,,,,,,,,
4,,,,,,,,,,,,,1A,POINT (0 0),,A1956122,21J,MISSING JUVENILE,21M,MISSING ADULT,1C,37369000.0,3513814.0,1/18/2022 11:26,1/19/2022 8:58,1/19/2022 9:05,1/19/2022 9:55,RTF,REPORT TO FOLLOW,N,7D01,063XX Pines Blvd,70126.0,7.0,,,,,,,,,,,,,,,,,,,,,,,,,,,,,,,,
5,,,,,,,,,,,,,1A,POINT (-90.01014766 30.01611173),,A3152722,21,COMPLAINT OTHER,107,SUSPICIOUS PERSON,2C,3699586.0,553769.0,1/28/2022 17:10,1/29/2022 9:42,1/30/2022 9:23,1/30/2022 9:30,GOA,GONE ON ARRIVAL,N,7C05,045XX Dale St,70126.0,7.0,,,,,,,,,,,,,,,,,,,,,,,,,,,,,,,,
6,,,,,,,,,,,,,0A,POINT (-89.92497937 30.0380085),,A1962122,58,RETURN FOR ADDITIONAL INFO,58,RETURN FOR ADDITIONAL INFO,1I,3726441.0,562053.0,1/18/2022 12:17,,,1/19/2022 7:32,GOA,GONE ON ARRIVAL,N,7L02,136XX Dwyer Blvd,70129.0,7.0,,,,,,,,,,,,,,,,,,,,,,,,,,,,,,,,
7,,,,,,,,,,,,,1J,POINT (-90.01174181 30.00900986),,A1963922,21,COMPLAINT OTHER,18A,ABANDONED VEHICLE,1J,3699112.0,551181.0,1/18/2022 12:30,1/19/2022 12:26,1/19/2022 12:40,1/19/2022 13:09,RTF,REPORT TO FOLLOW,N,7B04,066XX Old Gentilly Rd,70126.0,7.0,,,,,,,,,,,,,,,,,,,,,,,,,,,,,,,,
8,,,,,,,,,,,,,1A,POINT (0 0),,A1964322,21J,MISSING JUVENILE,21M,MISSING ADULT,1C,37369000.0,3513814.0,1/18/2022 12:34,1/19/2022 1:11,1/19/2022 1:23,1/19/2022 2:40,RTF,REPORT TO FOLLOW,N,5.00E+03,014XX Tupelo St,70117.0,5.0,,,,,,,,,,,,,,,,,,,,,,,,,,,,,,,,
9,,,,,,,,,,,,,0A,POINT (0 0),,A1966622,67F,THEFT BY FRAUD,67F,THEFT BY FRAUD,1D,37369000.0,3513814.0,1/18/2022 12:52,1/19/2022 7:37,1/19/2022 8:49,1/19/2022 9:18,RTF,REPORT TO FOLLOW,N,8.00E+05,029XX Blk Saint Anthony Ave,,0.0,,,,,,,,,,,,,,,,,,,,,,,,,,,,,,,,
10,,,,,,,,,,,,,2A,POINT (-89.95479899 30.05087691),,A1967622,103D,DOMESTIC DISTURBANCE,103D,DOMESTIC DISTURBANCE,2C,3716950.0,566617.0,1/18/2022 13:00,1/19/2022 13:51,1/19/2022 13:57,1/19/2022 15:10,RTF,REPORT TO FOLLOW,N,7K03,123XX N I-10 Service Rd,70128.0,7.0,,,,,,,,,,,,,,,,,,,,,,,,,,,,,,,,
11,,,,,,,,,,,,,1C,POINT (-89.99548725 30.03288621),,A1967822,103,DISTURBANCE (OTHER),103,DISTURBANCE (OTHER),1C,3704155.0,559923.0,1/18/2022 13:02,1/19/2022 8:49,1/19/2022 8:52,1/19/2022 8:58,NAT,Necessary Action Taken,N,7O05,071XX Crowder Blvd,70126.0,7.0,,,,,,,,,,,,,,,,,,,,,,,,,,,,,,,,
12,,,,,,,,,,,,,1A,POINT (-90.00198991 30.01224823),,A1969922,67S,SHOPLIFTING,67,THEFT,1G,3702184.0,552394.0,1/18/2022 13:18,,,1/19/2022 1:25,GOA,GONE ON ARRIVAL,N,7.00E+01,073XX Chef Menteur Hwy,70126.0,7.0,,,,,,,,,,,,,,,,,,,,,,,,,,,,,,,,
13,,,,,,,,,,,,,1J,POINT (-90.05082784 29.98305358),,A1973022,21,COMPLAINT OTHER,103,DISTURBANCE (OTHER),1C,3686847.0,541601.0,1/18/2022 13:51,1/19/2022 0:06,1/19/2022 0:10,1/19/2022 0:28,NAT,Necessary Action Taken,N,5L02,024XX Arts St,70117.0,5.0,,,,,,,,,,,,,,,,,,,,,,,,,,,,,,,,
14,,,,,,,,,,,,,1J,POINT (-89.97934334 30.04680362),,A1973322,21,COMPLAINT OTHER,21,COMPLAINT OTHER,1J,3709203.0,565043.0,1/18/2022 13:52,,1/18/2022 13:52,1/18/2022 17:14,NAT,Necessary Action Taken,Y,7I13,102XX Curran Blvd,70127.0,7.0,,,,,,,,,,,,,,,,,,,,,,,,,,,,,,,,
15,,,,,,,,,,,,,1A,POINT (-90.03623431 29.98721089),,A1974322,21,COMPLAINT OTHER,21,COMPLAINT OTHER,1J,3691450.0,543165.0,1/18/2022 14:06,1/19/2022 1:30,1/19/2022 1:39,1/19/2022 1:43,GOA,GONE ON ARRIVAL,N,5Q02,029XX Louisa St,70126.0,5.0,,,,,,,,,,,,,,,,,,,,,,,,,,,,,,,,
16,,,,,,,,,,,,,1E,POINT (-90.01917607 30.00979195),,A1975022,62R,RESIDENCE BURGLARY,62R,RESIDENCE BURGLARY,1E,3696756.0,551438.0,1/18/2022 14:18,1/19/2022 9:44,,1/19/2022 9:44,GOA,GONE ON ARRIVAL,N,7C01,060XX Chef Menteur Hwy,70126.0,7.0,,,,,,,,,,,,,,,,,,,,,,,,,,,,,,,,
17,,,,,,,,,,,,,1A,POINT (-90.0318192 29.97144474),,A1975322,62,SIMPLE BURGLARY,62,SIMPLE BURGLARY,1G,3692913.0,537448.0,1/18/2022 14:21,1/19/2022 4:00,1/19/2022 4:08,1/19/2022 4:16,GOA,GONE ON ARRIVAL,N,5H01,017XX France St,70117.0,5.0,,,,,,,,,,,,,,,,,,,,,,,,,,,,,,,,
18,,,,,,,,,,,,,1A,POINT (-89.99483764 30.03141115),,A1975722,107,SUSPICIOUS PERSON,107,SUSPICIOUS PERSON,2C,3704366.0,559389.0,1/18/2022 14:26,1/19/2022 8:37,1/19/2022 8:45,1/19/2022 8:49,GOA,GONE ON ARRIVAL,N,7O04,070XX Crowder Blvd,70126.0,7.0,,,,,,,,,,,,,,,,,,,,,,,,,,,,,,,,
19,,,,,,,,,,,,,2C,POINT (-89.99733283 30.02848112),,A1977422,30S,HOMICIDE BY SHOOTING,34S,AGGRAVATED BATTERY BY SHOOTING,2C,3703589.0,558314.0,1/18/2022 14:44,1/18/2022 14:48,1/18/2022 14:50,1/18/2022 22:49,RTF,REPORT TO FOLLOW,N,7Q03,I-10 E & Crowder Blvd Exit,70126.0,7.0,,,,,,,,,,,,,,,,,,,,,,,,,,,,,,,,
20,,,,,,,,,,,,,1A,POINT (-89.98061986 30.03036169),,A1977522,62B,BUSINESS BURGLARY,62B,BUSINESS BURGLARY,2C,3708870.0,559060.0,1/18/2022 14:45,1/19/2022 7:21,,1/19/2022 9:33,RTF,REPORT TO FOLLOW,N,7R06,097XX Lake Forest Blvd,70127.0,7.0,,,,,,,,,,,,,,,,,,,,,,,,,,,,,,,,
21,,,,,,,,,,,,,1J,POINT (-90.02639698 30.03237512),,A1977622,21,COMPLAINT OTHER,21,COMPLAINT OTHER,1J,3694377.0,559624.0,1/18/2022 14:45,1/19/2022 7:28,1/19/2022 8:49,1/19/2022 9:06,GOA,GONE ON ARRIVAL,N,7D02,080XX Downman Rd,70126.0,7.0,,,,,,,,,,,,,,,,,,,,,,,,,,,,,,,,
22,,,,,,,,,,,,,2C,POINT (-90.07193008 29.92921855),,A1950922,64G,ARMED ROBBERY WITH GUN,67A,AUTO THEFT,1D,3680382.0,521951.0,1/18/2022 10:39,1/18/2022 15:50,1/18/2022 15:52,1/18/2022 17:06,RTF,REPORT TO FOLLOW,N,6B02,019XX Annunciation St,70130.0,6.0,,,,,,,,,,,,,,,,,,,,,,,,,,,,,,,,
23,,,,,,,,,,,,,1A,POINT (-90.02451079 30.02919655),,A1978122,103D,DOMESTIC DISTURBANCE,103D,DOMESTIC DISTURBANCE,2C,3694987.0,558475.0,1/18/2022 14:50,1/19/2022 10:26,1/19/2022 10:30,1/19/2022 10:34,GOA,GONE ON ARRIVAL,N,7D02,076XX Alabama St,70126.0,7.0,,,,,,,,,,,,,,,,,,,,,,,,,,,,,,,,
24,,,,,,,,,,,,,1A,POINT (-90.06243735 29.97941292),,A1978322,58,RETURN FOR ADDITIONAL INFO,58,RETURN FOR ADDITIONAL INFO,1I,3683187.0,540236.0,1/18/2022 14:50,1/19/2022 7:43,1/19/2022 10:28,1/19/2022 10:33,GOA,GONE ON ARRIVAL,N,5K02,Saint Anthony St & N Miro St,70119.0,5.0,,,,,,,,,,,,,,,,,,,,,,,,,,,,,,,,
25,,,,,,,,,,,,,1G,POINT (-89.92199479 30.03783502),,A1979422,21N,NOISE COMPLAINT,21N,NOISE COMPLAINT,1G,3727386.0,562001.0,1/18/2022 15:08,,,1/19/2022 3:19,GOA,GONE ON ARRIVAL,N,7L02,049XX Corsica Pl,70129.0,7.0,,,,,,,,,,,,,,,,,,,,,,,,,,,,,,,,
26,,,,,,,,,,,,,1E,POINT (-90.03554298 30.0027899),,A1979622,20,AUTO ACCIDENT,20,AUTO ACCIDENT,1E,3691605.0,548833.0,1/18/2022 15:11,1/18/2022 15:13,1/18/2022 15:31,1/18/2022 16:53,RTF,REPORT TO FOLLOW,N,3U01,I-10 E & Louisa St,70126.0,3.0,,,,,,,,,,,,,,,,,,,,,,,,,,,,,,,,
27,,,,,,,,,,,,,1G,POINT (-89.99204692 30.02711823),,A1981722,100,HIT & RUN,100,HIT & RUN,1G,3705268.0,557838.0,1/18/2022 15:29,1/19/2022 5:59,,1/19/2022 5:59,GOA,GONE ON ARRIVAL,N,7Q03,Lake Forest Blvd & Crowder Blvd,70126.0,7.0,,,,,,,,,,,,,,,,,,,,,,,,,,,,,,,,
28,,,,,,,,,,,,,0A,POINT (-90.06889893 29.9551677),,A1983422,58,RETURN FOR ADDITIONAL INFO,58,RETURN FOR ADDITIONAL INFO,1I,3681238.0,531397.0,1/18/2022 15:44,1/19/2022 8:51,1/19/2022 8:57,1/19/2022 9:14,NAT,Necessary Action Taken,N,8D04,002XX Bourbon St,70112.0,8.0,,,,,,,,,,,,,,,,,,,,,,,,,,,,,,,,
29,,,,,,,,,,,,,1F,POINT (-89.9676284 30.02206253),,A1983622,35,SIMPLE BATTERY,35,SIMPLE BATTERY,1F,3713016.0,556091.0,1/18/2022 15:46,1/19/2022 8:09,1/19/2022 8:25,1/19/2022 8:32,DUP,DUPLICATE,N,7J02,101XX Airwood St,70127.0,7.0,,,,,,,,,,,,,,,,,,,,,,,,,,,,,,,,
30,,,,,,,,,,,,,0A,POINT (-90.06691051 29.95538535),,A1983722,67F,THEFT BY FRAUD,67F,THEFT BY FRAUD,1D,3681867.0,531483.0,1/18/2022 15:46,1/19/2022 9:15,1/19/2022 9:24,1/19/2022 9:30,GOA,GONE ON ARRIVAL,N,8C02,003XX Royal St,70130.0,8.0,,,,,,,,,,,,,,,,,,,,,,,,,,,,,,,,
31,,,,,,,,,,,,,1C,POINT (-90.05643571 29.97172591),,A1983922,103,DISTURBANCE (OTHER),79,VIOLATION OF PROTECTION ORDER,2E,3685118.0,537462.0,1/18/2022 15:54,1/18/2022 15:56,1/19/2022 0:13,1/19/2022 2:02,RTF,REPORT TO FOLLOW,N,5B03,022XX N Villere St,70117.0,5.0,,,,,,,,,,,,,,,,,,,,,,,,,,,,,,,,
32,,,,,,,,,,,,,1A,POINT (-90.06070605 29.9739479),,A1984722,103D,DOMESTIC DISTURBANCE,103D,DOMESTIC DISTURBANCE,2C,3683757.0,538255.0,1/18/2022 16:04,1/19/2022 4:04,1/19/2022 4:07,1/19/2022 4:16,GOA,GONE ON ARRIVAL,N,5A04,023XX Pauger St,70116.0,5.0,,,,,,,,,,,,,,,,,,,,,,,,,,,,,,,,
33,,,,,,,,,,,,,1A,POINT (-90.03718559 29.96316289),,A1984822,62C,SIMPLE BURGLARY VEHICLE,62C,SIMPLE BURGLARY VEHICLE,1G,3691248.0,534417.0,1/18/2022 16:04,1/19/2022 4:18,1/19/2022 4:44,1/19/2022 4:52,RTF,REPORT TO FOLLOW,N,5D01,008XX Blk Alvar St,70117.0,5.0,,,,,,,,,,,,,,,,,,,,,,,,,,,,,,,,
34,,,,,,,,,,,,,1A,POINT (-90.03743446 29.97706389),,A1986922,100,HIT & RUN,100,HIT & RUN,1G,3691112.0,539471.0,1/18/2022 16:22,1/19/2022 9:05,1/19/2022 9:39,1/19/2022 10:41,RTF,REPORT TO FOLLOW,N,5H02,Desire St & N Galvez St,70117.0,5.0,,,,,,,,,,,,,,,,,,,,,,,,,,,,,,,,
35,,,,,,,,,,,,,1A,POINT (-90.04263057 29.97344927),,A1988122,21,COMPLAINT OTHER,21,COMPLAINT OTHER,1J,3689482.0,538138.0,1/18/2022 16:29,1/19/2022 4:03,1/19/2022 4:09,1/19/2022 4:12,GOA,GONE ON ARRIVAL,N,5G04,016XX Clouet St,70117.0,5.0,,,,,,,,,,,,,,,,,,,,,,,,,,,,,,,,
36,,,,,,,,,,,,,2C,POINT (-90.07679012 29.94451119),,A1989222,106,"OBSCENITY, EXPOSING",106,"OBSCENITY, EXPOSING",2C,3678782.0,527495.0,1/18/2022 16:37,1/18/2022 16:40,1/18/2022 16:51,1/18/2022 17:22,RTF,REPORT TO FOLLOW,N,6H05,Calliope St & Oretha Castle Haley Blvd,70113.0,6.0,,,,,,,,,,,,,,,,,,,,,,,,,,,,,,,,
37,,,,,,,,,,,,,1D,POINT (-90.01917607 30.00979195),,A1990422,67A,AUTO THEFT,67A,AUTO THEFT,1D,3696756.0,551438.0,1/18/2022 16:47,1/19/2022 9:35,1/19/2022 9:43,1/19/2022 9:44,GOA,GONE ON ARRIVAL,N,7C01,060XX Chef Menteur Hwy,70126.0,7.0,,,,,,,,,,,,,,,,,,,,,,,,,,,,,,,,
38,,,,,,,,,,,,,0A,POINT (-90.06767259 29.95356808),,A1993222,58,RETURN FOR ADDITIONAL INFO,58,RETURN FOR ADDITIONAL INFO,1I,3681633.0,530820.0,1/18/2022 17:11,,,1/19/2022 9:43,NAT,Necessary Action Taken,N,8C01,006XX Iberville St,70130.0,8.0,,,,,,,,,,,,,,,,,,,,,,,,,,,,,,,,
39,,,,,,,,,,,,,1J,POINT (-90.1020047 29.94222173),,A1999422,21,COMPLAINT OTHER,21,COMPLAINT OTHER,1J,3670806.0,526576.0,1/18/2022 18:07,1/18/2022 23:53,1/19/2022 0:07,1/19/2022 0:36,NAT,Necessary Action Taken,N,2R01,042XX S Roman St,70125.0,2.0,,,,,,,,,,,,,,,,,,,,,,,,,,,,,,,,
40,,,,,,,,,,,,,1J,POINT (-89.97521695 30.03596896),,A2001822,18,TRAFFIC INCIDENT,18,TRAFFIC INCIDENT,1J,3710555.0,561119.0,1/18/2022 18:30,1/19/2022 5:59,,1/19/2022 5:59,GOA,GONE ON ARRIVAL,N,7I03,S I-10 Service Rd & Read Blvd,70127.0,7.0,,,,,,,,,,,,,,,,,,,,,,,,,,,,,,,,
41,,,,,,,,,,,,,1Z,POINT (-89.99097037 30.01382226),,A2002122,107,SUSPICIOUS PERSON,107,SUSPICIOUS PERSON,2C,3705665.0,553007.0,1/18/2022 18:34,,,1/19/2022 1:32,GOA,GONE ON ARRIVAL,N,7F02,Chef Menteur Hwy & Dodt Ave,70126.0,7.0,,,,,,,,,,,,,,,,,,,,,,,,,,,,,,,,
42,,,,,,,,,,,,,1A,POINT (-89.95616652 30.05238316),,A3169022,62C,SIMPLE BURGLARY VEHICLE,62C,SIMPLE BURGLARY VEHICLE,1G,3716511.0,567160.0,1/28/2022 19:34,1/30/2022 0:16,1/30/2022 0:22,1/30/2022 2:10,RTF,REPORT TO FOLLOW,N,7K03,070XX Beauvoir Ct,70128.0,7.0,,,,,,,,,,,,,,,,,,,,,,,,,,,,,,,,
43,,,,,,,,,,,,,1J,POINT (-90.01845482 30.02456448),,A2003322,21,COMPLAINT OTHER,62C,SIMPLE BURGLARY VEHICLE,1G,3696922.0,556812.0,1/18/2022 18:53,1/19/2022 10:37,1/19/2022 11:04,1/19/2022 11:23,NAT,Necessary Action Taken,N,7D01,069XX Virgilian St,70126.0,7.0,,,,,,,,,,,,,,,,,,,,,,,,,,,,,,,,
44,,,,,,,,,,,,,1E,POINT (-90.05846116 29.968297),,A2003522,62R,RESIDENCE BURGLARY,62R,RESIDENCE BURGLARY,1E,3684490.0,536208.0,1/18/2022 18:56,1/19/2022 7:21,1/19/2022 7:27,1/19/2022 7:36,GOA,GONE ON ARRIVAL,N,8F03,020XX Saint Claude Ave,70116.0,8.0,,,,,,,,,,,,,,,,,,,,,,,,,,,,,,,,
45,,,,,,,,,,,,,1D,POINT (-89.97406756 30.01755792),,A2004022,67F,THEFT BY FRAUD,67F,THEFT BY FRAUD,1D,3710998.0,554428.0,1/18/2022 19:03,1/19/2022 1:08,1/19/2022 1:08,1/19/2022 1:41,GOA,GONE ON ARRIVAL,N,7H03,095XX Chef Menteur Hwy,70127.0,7.0,,,,,,,,,,,,,,,,,,,,,,,,,,,,,,,,
46,,,,,,,,,,,,,1H,POINT (-90.04460321 29.96318232),,A2004922,66,EXTORTION (THREATS),66,EXTORTION (THREATS),1H,3688899.0,534397.0,1/18/2022 19:08,1/19/2022 4:12,1/19/2022 4:18,1/19/2022 4:28,GOA,GONE ON ARRIVAL,N,5C04,031XX Royal St,70117.0,5.0,,,,,,,,,,,,,,,,,,,,,,,,,,,,,,,,
47,,,,,,,,,,,,,1G,POINT (-90.06078169 29.97306012),,A2006022,100,HIT & RUN,20,AUTO ACCIDENT,1E,3683737.0,537932.0,1/18/2022 19:17,1/18/2022 23:56,1/19/2022 0:13,1/19/2022 1:09,RTF,REPORT TO FOLLOW,N,5A04,N Claiborne Ave & Pauger St,70116.0,5.0,,,,,,,,,,,,,,,,,,,,,,,,,,,,,,,,
48,,,,,,,,,,,,,1J,POINT (-90.08623306 29.92587661),,A2007522,21,COMPLAINT OTHER,21,COMPLAINT OTHER,1J,3675865.0,520686.0,1/18/2022 19:29,,1/18/2022 19:29,1/18/2022 20:13,RTF,REPORT TO FOLLOW,Y,6D02,012XX 8th St,70115.0,6.0,,,,,,,,,,,,,,,,,,,,,,,,,,,,,,,,
49,,,,,,,,,,,,,1A,POINT (-90.09339749 29.93528923),,A2007822,35,SIMPLE BATTERY,103,DISTURBANCE (OTHER),1C,3673559.0,524084.0,1/18/2022 19:32,1/18/2022 20:11,,1/19/2022 2:11,VOI,VOID,N,6F02,023XX Toledano St,70115.0,6.0,,,,,,,,,,,,,,,,,,,,,,,,,,,,,,,,
0,,,,,,,,,,,,,,"(27.770932907151824, -82.6476302490216)",,,,,,,,,,,,,,,,,2A02,002XX Henry Clay Ave,70118.0,2.0,A4750724,E2021182505,,LOITERING,COMPLAINT,Disorderly Conduct,9XX CENTRAL AV,9/27/2021 0:06,0:06:00,27.77093291,-82.64763025,https://app.citizenobserver.com/tips/new?alert_group_id=2995,DOWNTOWN NBRHD ASSN,6.0,COMPLAINT - LOITERING,POINT (0 0),,,,,,,,,,,,,,,,
1,,,,,,,,,,,,,,"(27.81460371027496, -82.63524578700422)",,,,,,,,,,,,,,,,,1L03,037XX D'Hemecourt St,70119.0,1.0,A4750726,E2021182507,,NOISE NUISANCE,COMPLAINT,Disorderly Conduct,4XXX 1ST ST N,9/27/2021 0:07,0:07:00,27.81460371,-82.63524579,https://app.citizenobserver.com/tips/new?alert_group_id=2995,,3.0,COMPLAINT - NOISE NUISANCE,POINT (-90.10076745 29.96781152),,,,,,,,,,,,,,,,
2,,,,,,,,,,,,,,"(27.812555331246724, -82.6433852606531)",,,,,,,,,,,,,,,,,1L03,Tulane Ave & S Genois St,70119.0,1.0,A475072836079,E2021182509,C2021036079,DOMESTIC QUARREL,COMPLAINT,All Other - Non-Criminal,7XX 44TH AV N,9/27/2021 0:12,0:12:00,27.81255533,-82.64338526,https://app.citizenobserver.com/tips/new?alert_group_id=2995,ALLENDALE OAKS NBRHD ASSN,3.0,COMPLAINT - DOMESTIC QUARREL,POINT (-90.10047893 29.96634034),,,,,,,,,,,,,,,,
3,,,,,,,,,,,,,,"(27.751915340821707, -82.65346317853297)",,,,,,,,,,,,,,,,,7F01,078XX Chef Menteur Hwy,70126.0,7.0,A4750730,E2021182511,,TROUBLE W/INDIVIDUAL,COMPLAINT,Disorderly Conduct,1XXX 18TH AV S,9/27/2021 0:14,0:14:00,27.75191534,-82.65346318,https://app.citizenobserver.com/tips/new?alert_group_id=2995,CROMWELL HEIGHTS NBRHD ASSN,5.0,COMPLAINT - TROUBLE W/INDIVIDUAL,POINT (-89.99471656 30.01268797),,,,,,,,,,,,,,,,
4,,,,,,,,,,,,,,"(27.74876360992417, -82.69945489608423)",,,,,,,,,,,,,,,,,7D01,063XX Pines Blvd,70126.0,7.0,A475073136083,E2021182512,C2021036083,INDECENT EXPOSURE,COMPLAINT,Sexual Offense - All Other,2XXX 49TH ST S,9/27/2021 0:25,0:25:00,27.74876361,-82.6994549,https://app.citizenobserver.com/tips/new?alert_group_id=2995,,7.0,COMPLAINT - INDECENT EXPOSURE,POINT (0 0),,,,,,,,,,,,,,,,
5,,,,,,,,,,,,,,"(27.78649268918675, -82.64651935564478)",,,,,,,,,,,,,,,,,7C05,045XX Dale St,70126.0,7.0,A475073236082,E2021182513,C2021036082,BATTERY SIMPLE,COMPLAINT,Assault Other,1XXX DR MARTIN LUTHER KING JR ST N,9/27/2021 0:32,0:32:00,27.78649269,-82.64651936,https://app.citizenobserver.com/tips/new?alert_group_id=2995,CRESCENT LAKE NBRHD ASSN,4.0,COMPLAINT - BATTERY SIMPLE,POINT (-90.01014766 30.01611173),,,,,,,,,,,,,,,,
6,,,,,,,,,,,,,,"(27.843291830527473, -82.64007920892578)",,,,,,,,,,,,,,,,,7L02,136XX Dwyer Blvd,70129.0,7.0,A4750733,E2021182514,,AUTO THEFT,PROACTIVE,Directed Patrol,5XX 77TH AV N,9/27/2021 0:34,0:34:00,27.84329183,-82.64007921,https://app.citizenobserver.com/tips/new?alert_group_id=2995,,2.0,PROACTIVE - AUTO THEFT,POINT (-89.92497937 30.0380085),,,,,,,,,,,,,,,,
7,,,,,,,,,,,,,,"(27.7541383655797, -82.64456264350346)",,,,,,,,,,,,,,,,,7B04,066XX Old Gentilly Rd,70126.0,7.0,A475073436081,E2021182515,C2021036081,WEAPON OFFENSE,COMPLAINT,Weapons Violation,8XX PARIS AV S,9/27/2021 0:35,0:35:00,27.75413837,-82.64456264,https://app.citizenobserver.com/tips/new?alert_group_id=2995,BARTLETT PARK NBRHD ASSN,6.0,COMPLAINT - WEAPON OFFENSE,POINT (-90.01174181 30.00900986),,,,,,,,,,,,,,,,
8,,,,,,,,,,,,,,"(27.864461219730245, -82.65275371627912)",,,,,,,,,,,,,,,,,5.00E+03,014XX Tupelo St,70117.0,5.0,A4750737,E2021182518,,AUTO THEFT,PROACTIVE,Directed Patrol,1XXX 102ND AV N,9/27/2021 0:45,0:45:00,27.86446122,-82.65275372,https://app.citizenobserver.com/tips/new?alert_group_id=2995,,2.0,PROACTIVE - AUTO THEFT,POINT (0 0),,,,,,,,,,,,,,,,
9,,,,,,,,,,,,,,"(27.74839850596583, -82.6630356819085)",,,,,,,,,,,,,,,,,8.00E+05,029XX Blk Saint Anthony Ave,,0.0,A4750738,E2021182519,,CHECKING VEH,COMPLAINT,All Other - Non-Criminal,22ND AV S/22ND ST S,9/27/2021 0:46,0:46:00,27.74839851,-82.66303568,https://app.citizenobserver.com/tips/new?alert_group_id=2995,HIGHLAND OAKS NBRHD ASSN,7.0,COMPLAINT - CHECKING VEH,POINT (0 0),,,,,,,,,,,,,,,,
10,,,,,,,,,,,,,,"(27.76304893343178, -82.64249395835782)",,,,,,,,,,,,,,,,,7K03,123XX N I-10 Service Rd,70128.0,7.0,A4750740,E2021182521,,DISORDERLY INTOX,COMPLAINT,Disorderly Conduct,7XX 6TH ST S,9/27/2021 1:07,1:07:00,27.76304893,-82.64249396,https://app.citizenobserver.com/tips/new?alert_group_id=2995,,6.0,COMPLAINT - DISORDERLY INTOX,POINT (-89.95479899 30.05087691),,,,,,,,,,,,,,,,
11,,,,,,,,,,,,,,"(27.85011213640433, -82.63853484066559)",,,,,,,,,,,,,,,,,7O05,071XX Crowder Blvd,70126.0,7.0,A4750741,E2021182522,,BURGLARY COMMERCIAL,PROACTIVE,Directed Patrol,8XXX 4TH ST N,9/27/2021 1:13,1:13:00,27.85011214,-82.63853484,https://app.citizenobserver.com/tips/new?alert_group_id=2995,RIVIERA BAY CIVIC ASSN,2.0,PROACTIVE - BURGLARY COMMERCIAL,POINT (-89.99548725 30.03288621),,,,,,,,,,,,,,,,
12,,,,,,,,,,,,,,"(27.895402428959727, -82.67494772127779)",,,,,,,,,,,,,,,,,7.00E+01,073XX Chef Menteur Hwy,70126.0,7.0,A4750742,E2021182523,,BRAWLING,COMPLAINT,Assault Other,3XXX EXECUTIVE DR,9/27/2021 1:15,1:15:00,27.89540243,-82.67494772,https://app.citizenobserver.com/tips/new?alert_group_id=2995,,2.0,COMPLAINT - BRAWLING,POINT (-90.00198991 30.01224823),,,,,,,,,,,,,,,,
13,,,,,,,,,,,,,,"(27.724191861266643, -82.66962438377391)",,,,,,,,,,,,,,,,,5L02,024XX Arts St,70117.0,5.0,A4750743,E2021182524,,CITIZENS CONTACT,COMPLAINT,All Other - Non-Criminal,4XXX 26TH CT S,9/27/2021 1:15,1:15:00,27.72419186,-82.66962438,https://app.citizenobserver.com/tips/new?alert_group_id=2995,LAKEWOOD ESTATES CIVIC ASSN,5.0,COMPLAINT - CITIZENS CONTACT,POINT (-90.05082784 29.98305358),,,,,,,,,,,,,,,,
14,,,,,,,,,,,,,,"(27.751541205363527, -82.67914739245494)",,,,,,,,,,,,,,,,,7I13,102XX Curran Blvd,70127.0,7.0,A4750744,E2021182525,,DP OTHER,PROACTIVE,Directed Patrol,1XXX 34TH ST S,9/27/2021 1:17,1:17:00,27.75154121,-82.67914739,https://app.citizenobserver.com/tips/new?alert_group_id=2995,THIRTY-FIRST ST NBRHD ASSN,7.0,PROACTIVE - DP OTHER,POINT (-89.97934334 30.04680362),,,,,,,,,,,,,,,,
15,,,,,,,,,,,,,,"(27.771851895626988, -82.66493739249697)",,,,,,,,,,,,,,,,,5Q02,029XX Louisa St,70126.0,5.0,A4750745,E2021182526,,OVERDOSE,COMPLAINT,All Other - Non-Criminal,2XXX CENTRAL AV,9/27/2021 1:21,1:21:00,27.7718519,-82.66493739,https://app.citizenobserver.com/tips/new?alert_group_id=2995,HISTORIC KENWOOD NBRHD ASSN,8.0,COMPLAINT - OVERDOSE,POINT (-90.03623431 29.98721089),,,,,,,,,,,,,,,,
16,,,,,,,,,,,,,,"(27.781115028004276, -82.71573093347186)",,,,,,,,,,,,,,,,,7C01,060XX Chef Menteur Hwy,70126.0,7.0,A4750746,E2021182527,,PERSON DOWN,COMPLAINT,All Other - Non-Criminal,5XXX 9TH AV N,9/27/2021 1:25,1:25:00,27.78111503,-82.71573093,https://app.citizenobserver.com/tips/new?alert_group_id=2995,,1.0,COMPLAINT - PERSON DOWN,POINT (-90.01917607 30.00979195),,,,,,,,,,,,,,,,
17,,,,,,,,,,,,,,"(27.839317634243685, -82.69184138053944)",,,,,,,,,,,,,,,,,5H01,017XX France St,70117.0,5.0,A4726329,E2021158238,,MV RECKLESS DRIVING,COMPLAINT,Traffic Incident,PARK BLVD/43RD ST,8/23/2021 0:53,0:53:00,27.83931763,-82.69184138,https://app.citizenobserver.com/tips/new?alert_group_id=2995,,,COMPLAINT - MV RECKLESS DRIVING,POINT (-90.0318192 29.97144474),,,,,,,,,,,,,,,,
18,,,,,,,,,,,,,,"(27.813931192245867, -82.64679317727803)",,,,,,,,,,,,,,,,,7O04,070XX Crowder Blvd,70126.0,7.0,A4750747,E2021182528,,FIELD INTER REPORT,COMPLAINT,All Other - Non-Criminal,46TH AV N/DR MARTIN LUTHER KING JR ST N,9/27/2021 1:26,1:26:00,27.81393119,-82.64679318,https://app.citizenobserver.com/tips/new?alert_group_id=2995,ARCADIA GARDENS NBRHD ASSN,3.0,COMPLAINT - FIELD INTER REPORT,POINT (-89.99483764 30.03141115),,,,,,,,,,,,,,,,
19,,,,,,,,,,,,,,"(27.75018816279328, -82.68411667945772)",,,,,,,,,,,,,,,,,7Q03,I-10 E & Crowder Blvd Exit,70126.0,7.0,A475075036084,E2021182531,C2021036084,XPORT MENTAL PERSON,COMPLAINT,All Other - Non-Criminal,3XXX 21ST AV S,9/27/2021 1:34,1:34:00,27.75018816,-82.68411668,https://app.citizenobserver.com/tips/new?alert_group_id=2995,,7.0,COMPLAINT - XPORT MENTAL PERSON,POINT (-89.99733283 30.02848112),,,,,,,,,,,,,,,,
20,,,,,,,,,,,,,,"(27.77118999991588, -82.63849082565056)",,,,,,,,,,,,,,,,,7R06,097XX Lake Forest Blvd,70127.0,7.0,A4750752,E2021182533,,TROUBLE W/INDIVIDUAL,COMPLAINT,Disorderly Conduct,CENTRAL AV/4TH ST N,9/27/2021 1:38,1:38:00,27.77119,-82.63849083,https://app.citizenobserver.com/tips/new?alert_group_id=2995,DOWNTOWN NBRHD ASSN,6.0,COMPLAINT - TROUBLE W/INDIVIDUAL,POINT (-89.98061986 30.03036169),,,,,,,,,,,,,,,,
21,,,,,,,,,,,,,,"(27.895459681992897, -82.67785198382927)",,,,,,,,,,,,,,,,,7D02,080XX Downman Rd,70126.0,7.0,A4750755,E2021182536,,SUICIDE THREAT,COMPLAINT,All Other - Criminal,3XXX ULMERTON RD,9/27/2021 1:46,1:46:00,27.89545968,-82.67785198,https://app.citizenobserver.com/tips/new?alert_group_id=2995,,,COMPLAINT - SUICIDE THREAT,POINT (-90.02639698 30.03237512),,,,,,,,,,,,,,,,
22,,,,,,,,,,,,,,"(27.779889962488046, -82.68999589871429)",,,,,,,,,,,,,,,,,6B02,019XX Annunciation St,70130.0,6.0,A4750757,E2021182538,,INJUNCTION VIOLATION,COMPLAINT,All Other - Criminal,4XXX 8TH AV N,9/27/2021 1:55,1:55:00,27.77988996,-82.6899959,https://app.citizenobserver.com/tips/new?alert_group_id=2995,CENTRAL OAK PARK NBRHD ASSN,8.0,COMPLAINT - INJUNCTION VIOLATION,POINT (-90.07193008 29.92921855),,,,,,,,,,,,,,,,
23,,,,,,,,,,,,,,"(27.895402428959727, -82.67494772127779)",,,,,,,,,,,,,,,,,7D02,076XX Alabama St,70126.0,7.0,A4750758,E2021182539,,THEFT OTHER,COMPLAINT,Theft - Other,3XXX EXECUTIVE DR,9/27/2021 2:10,2:10:00,27.89540243,-82.67494772,https://app.citizenobserver.com/tips/new?alert_group_id=2995,,2.0,COMPLAINT - THEFT OTHER,POINT (-90.02451079 30.02919655),,,,,,,,,,,,,,,,
24,,,,,,,,,,,,,,"(27.760416952979615, -82.67530035751322)",,,,,,,,,,,,,,,,,5K02,Saint Anthony St & N Miro St,70119.0,5.0,A4750759,E2021182540,,TRAFFIC STOP,COMPLAINT,Traffic Incident,I275 EXIT 20 NB OFF RAMP/31ST ST S,9/27/2021 2:11,2:11:00,27.76041695,-82.67530036,https://app.citizenobserver.com/tips/new?alert_group_id=2995,THIRTY-FIRST ST NBRHD ASSN,7.0,COMPLAINT - TRAFFIC STOP,POINT (-90.06243735 29.97941292),,,,,,,,,,,,,,,,
25,,,,,,,,,,,,,,"(27.788967122106435, -82.62768003611522)",,,,,,,,,,,,,,,,,7L02,049XX Corsica Pl,70129.0,7.0,A4750760,E2021182541,,BURGLARY VEHICLE,PROACTIVE,Directed Patrol,18TH AV NE/POPLAR ST NE,9/27/2021 2:12,2:12:00,27.78896712,-82.62768004,https://app.citizenobserver.com/tips/new?alert_group_id=2995,HISTORIC OLD NORTHEAST NBRHD ASSN,4.0,PROACTIVE - BURGLARY VEHICLE,POINT (-89.92199479 30.03783502),,,,,,,,,,,,,,,,
26,,,,,,,,,,,,,,"(27.866367639214076, -82.6338328177563)",,,,,,,,,,,,,,,,,3U01,I-10 E & Louisa St,70126.0,3.0,A4750761,E2021182542,,PERSON DOWN,COMPLAINT,All Other - Non-Criminal,1XXXX GANDY BLVD N,9/27/2021 2:16,2:16:00,27.86636764,-82.63383282,https://app.citizenobserver.com/tips/new?alert_group_id=2995,,2.0,COMPLAINT - PERSON DOWN,POINT (-90.03554298 30.0027899),,,,,,,,,,,,,,,,
27,,,,,,,,,,,,,,"(27.775261206940357, -82.64669722771004)",,,,,,,,,,,,,,,,,7Q03,Lake Forest Blvd & Crowder Blvd,70126.0,7.0,A4750764,E2021182545,,BURGLARY COMMERCIAL,PROACTIVE,Directed Patrol,3RD AV N/DR MARTIN LUTHER KING JR ST N,9/27/2021 2:33,2:33:00,27.77526121,-82.64669723,https://app.citizenobserver.com/tips/new?alert_group_id=2995,METHODIST TOWN NBRHD ASSN,6.0,PROACTIVE - BURGLARY COMMERCIAL,POINT (-89.99204692 30.02711823),,,,,,,,,,,,,,,,
28,,,,,,,,,,,,,,"(27.771087211978422, -82.65631442637044)",,,,,,,,,,,,,,,,,8D04,002XX Bourbon St,70112.0,8.0,A4750766,E2021182547,,BURGLARY COMMERCIAL,PROACTIVE,Directed Patrol,CENTRAL AV/17TH ST N,9/27/2021 2:35,2:35:00,27.77108721,-82.65631443,https://app.citizenobserver.com/tips/new?alert_group_id=2995,DOWNTOWN NBRHD ASSN,6.0,PROACTIVE - BURGLARY COMMERCIAL,POINT (-90.06889893 29.9551677),,,,,,,,,,,,,,,,
29,,,,,,,,,,,,,,"(27.719015470406806, -82.67579917016339)",,,,,,,,,,,,,,,,,7J02,101XX Airwood St,70127.0,7.0,A4750768,E2021182549,,BUSINESS CONTACT,COMPLAINT,All Other - Non-Criminal,3XXX 54TH AV S,9/27/2021 2:48,2:48:00,27.71901547,-82.67579917,https://app.citizenobserver.com/tips/new?alert_group_id=2995,GREATER PINELLAS POINT CIVIC ASSN,5.0,COMPLAINT - BUSINESS CONTACT,POINT (-89.9676284 30.02206253),,,,,,,,,,,,,,,,
30,,,,,,,,,,,,,,"(27.8659218839664, -82.64277793596678)",,,,,,,,,,,,,,,,,8C02,003XX Royal St,70130.0,8.0,A4750769,E2021182550,,CHECKING VEH,COMPLAINT,All Other - Non-Criminal,1XXXX ROOSEVELT BLVD N,9/27/2021 2:55,2:55:00,27.86592188,-82.64277794,https://app.citizenobserver.com/tips/new?alert_group_id=2995,,2.0,COMPLAINT - CHECKING VEH,POINT (-90.06691051 29.95538535),,,,,,,,,,,,,,,,
31,,,,,,,,,,,,,,"(27.76720764729216, -82.67258402992873)",,,,,,,,,,,,,,,,,5B03,022XX N Villere St,70117.0,5.0,A4750770,E2021182551,,DOMESTIC QUARREL,COMPLAINT,All Other - Non-Criminal,2XXX 5TH AV S,9/27/2021 3:00,3:00:00,27.76720765,-82.67258403,https://app.citizenobserver.com/tips/new?alert_group_id=2995,PALMETTO PARK NBRHD ASSN,7.0,COMPLAINT - DOMESTIC QUARREL,POINT (-90.05643571 29.97172591),,,,,,,,,,,,,,,,
32,,,,,,,,,,,,,,"(27.781265480483643, -82.6502676141407)",,,,,,,,,,,,,,,,,5A04,023XX Pauger St,70116.0,5.0,A4750771,E2021182552,,PERSON DOWN,COMPLAINT,All Other - Non-Criminal,1XXX 9TH AV N,9/27/2021 3:06,3:06:00,27.78126548,-82.65026761,https://app.citizenobserver.com/tips/new?alert_group_id=2995,EUCLID-ST PAUL NBRHD ASSN,4.0,COMPLAINT - PERSON DOWN,POINT (-90.06070605 29.9739479),,,,,,,,,,,,,,,,
33,,,,,,,,,,,,,,"(27.720643149751684, -82.6547849159877)",,,,,,,,,,,,,,,,,5D01,008XX Blk Alvar St,70117.0,5.0,A4750772,E2021182553,,DP OTHER,PROACTIVE,Directed Patrol,ALCAZAR WAY S/16TH ST S,9/27/2021 3:10,3:10:00,27.72064315,-82.65478492,https://app.citizenobserver.com/tips/new?alert_group_id=2995,LAKEWOOD ESTATES CIVIC ASSN,5.0,PROACTIVE - DP OTHER,POINT (-90.03718559 29.96316289),,,,,,,,,,,,,,,,
34,,,,,,,,,,,,,,"(27.754619065996703, -82.67915721902006)",,,,,,,,,,,,,,,,,5H02,Desire St & N Galvez St,70117.0,5.0,A4750773,E2021182554,,NOISE NUISANCE,COMPLAINT,Disorderly Conduct,1XXX 34TH ST S,9/27/2021 3:13,3:13:00,27.75461907,-82.67915722,https://app.citizenobserver.com/tips/new?alert_group_id=2995,THIRTY-FIRST ST NBRHD ASSN,7.0,COMPLAINT - NOISE NUISANCE,POINT (-90.03743446 29.97706389),,,,,,,,,,,,,,,,
35,,,,,,,,,,,,,,"(27.717333315852493, -82.6590211788288)",,,,,,,,,,,,,,,,,5G04,016XX Clouet St,70117.0,5.0,A4750775,E2021182556,,BURGLARY VEHICLE,PROACTIVE,Directed Patrol,1XXX 55TH AV S,9/27/2021 3:29,3:29:00,27.71733332,-82.65902118,https://app.citizenobserver.com/tips/new?alert_group_id=2995,GREATER PINELLAS POINT CIVIC ASSN,5.0,PROACTIVE - BURGLARY VEHICLE,POINT (-90.04263057 29.97344927),,,,,,,,,,,,,,,,
36,,,,,,,,,,,,,,"(27.73255331353709, -82.678717367004)",,,,,,,,,,,,,,,,,6H05,Calliope St & Oretha Castle Haley Blvd,70113.0,6.0,A4750776,E2021182557,,BURGLARY COMMERCIAL,PROACTIVE,Directed Patrol,3XXX 34TH ST S,9/27/2021 3:36,3:36:00,27.73255331,-82.67871737,https://app.citizenobserver.com/tips/new?alert_group_id=2995,,7.0,PROACTIVE - BURGLARY COMMERCIAL,POINT (-90.07679012 29.94451119),,,,,,,,,,,,,,,,
37,,,,,,,,,,,,,,"(27.74683845807223, -82.69559042054527)",,,,,,,,,,,,,,,,,7C01,060XX Chef Menteur Hwy,70126.0,7.0,A4750778,E2021182559,,BURGLARY VEHICLE,PROACTIVE,Directed Patrol,24TH AV S/46TH ST S,9/27/2021 4:04,4:04:00,27.74683846,-82.69559042,https://app.citizenobserver.com/tips/new?alert_group_id=2995,,7.0,PROACTIVE - BURGLARY VEHICLE,POINT (-90.01917607 30.00979195),,,,,,,,,,,,,,,,
38,,,,,,,,,,,,,,"(27.788949758632153, -82.6302841106318)",,,,,,,,,,,,,,,,,8C01,006XX Iberville St,70130.0,8.0,A4750780,E2021182561,,BURGLARY VEHICLE,PROACTIVE,Directed Patrol,18TH AV NE/LOCUST ST NE,9/27/2021 4:16,4:16:00,27.78894976,-82.63028411,https://app.citizenobserver.com/tips/new?alert_group_id=2995,HISTORIC OLD NORTHEAST NBRHD ASSN,4.0,PROACTIVE - BURGLARY VEHICLE,POINT (-90.06767259 29.95356808),,,,,,,,,,,,,,,,
39,,,,,,,,,,,,,,"(27.828654437890062, -82.63745933797765)",,,,,,,,,,,,,,,,,2R01,042XX S Roman St,70125.0,2.0,A4750781,E2021182562,,FIELD INTER REPORT,COMPLAINT,All Other - Non-Criminal,3XX 62ND AV N,9/27/2021 4:17,4:17:00,27.82865444,-82.63745934,https://app.citizenobserver.com/tips/new?alert_group_id=2995,MYSTIC LAKE NBRHD ASSN,3.0,COMPLAINT - FIELD INTER REPORT,POINT (-90.1020047 29.94222173),,,,,,,,,,,,,,,,
40,,,,,,,,,,,,,,"(27.892878041889706, -82.6617842829661)",,,,,,,,,,,,,,,,,7I03,S I-10 Service Rd & Read Blvd,70127.0,7.0,A475078236087,E2021182563,C2021036087,DOMESTIC BATTERY,COMPLAINT,Assault Other,1XX MAIN ST N,9/27/2021 4:20,4:20:00,27.89287804,-82.66178428,https://app.citizenobserver.com/tips/new?alert_group_id=2995,,2.0,COMPLAINT - DOMESTIC BATTERY,POINT (-89.97521695 30.03596896),,,,,,,,,,,,,,,,
41,,,,,,,,,,,,,,"(27.776952330923347, -82.73686234859314)",,,,,,,,,,,,,,,,,7F02,Chef Menteur Hwy & Dodt Ave,70126.0,7.0,A475078436085,E2021182565,C2021036085,BURGLARY COMMERCIAL,COMPLAINT,Burglary - Commercial,7XXX 5TH AV N,9/27/2021 4:34,4:34:00,27.77695233,-82.73686235,https://app.citizenobserver.com/tips/new?alert_group_id=2995,HISTORIC PARK STREET NBRHD ASSN,1.0,COMPLAINT - BURGLARY COMMERCIAL,POINT (-89.99097037 30.01382226),,,,,,,,,,,,,,,,
42,,,,,,,,,,,,,,"(27.805542391074475, -82.67989438894118)",,,,,,,,,,,,,,,,,7K03,070XX Beauvoir Ct,70128.0,7.0,A4750785,E2021182566,,TRESPASSING,COMPLAINT,Disorderly Conduct,3XXX 34TH ST N,9/27/2021 4:37,4:37:00,27.80554239,-82.67989439,https://app.citizenobserver.com/tips/new?alert_group_id=2995,DISSTON HEIGHTS CIVIC ASSN,8.0,COMPLAINT - TRESPASSING,POINT (-89.95616652 30.05238316),,,,,,,,,,,,,,,,
43,,,,,,,,,,,,,,"(27.85689932827128, -82.64822099842542)",,,,,,,,,,,,,,,,,7D01,069XX Virgilian St,70126.0,7.0,A4750787,E2021182568,,CITIZENS CONTACT,COMPLAINT,All Other - Non-Criminal,1XXX 94TH AV N,9/27/2021 4:46,4:46:00,27.85689933,-82.648221,https://app.citizenobserver.com/tips/new?alert_group_id=2995,,2.0,COMPLAINT - CITIZENS CONTACT,POINT (-90.01845482 30.02456448),,,,,,,,,,,,,,,,
44,,,,,,,,,,,,,,"(27.829200588801438, -82.63831646848274)",,,,,,,,,,,,,,,,,8F03,020XX Saint Claude Ave,70116.0,8.0,A4750788,E2021182569,,FIELD INTER REPORT,COMPLAINT,All Other - Non-Criminal,6XXX 4TH ST N,9/27/2021 4:49,4:49:00,27.82920059,-82.63831647,https://app.citizenobserver.com/tips/new?alert_group_id=2995,MYSTIC LAKE NBRHD ASSN,3.0,COMPLAINT - FIELD INTER REPORT,POINT (-90.05846116 29.968297),,,,,,,,,,,,,,,,
45,,,,,,,,,,,,,,"(27.80177238841634, -82.6464736923454)",,,,,,,,,,,,,,,,,7H03,095XX Chef Menteur Hwy,70127.0,7.0,A4750789,E2021182570,,BURGLARY COMMERCIAL,PROACTIVE,Directed Patrol,3XXX DR MARTIN LUTHER KING JR ST N,9/27/2021 5:03,5:03:00,27.80177239,-82.64647369,https://app.citizenobserver.com/tips/new?alert_group_id=2995,FIVE POINTS NBRHD ASSN,4.0,PROACTIVE - BURGLARY COMMERCIAL,POINT (-89.97406756 30.01755792),,,,,,,,,,,,,,,,
46,,,,,,,,,,,,,,"(27.78949285047574, -82.70619184866219)",,,,,,,,,,,,,,,,,5C04,031XX Royal St,70117.0,5.0,A4750791,E2021182572,,HANGUP,COMPLAINT,All Other - Non-Criminal,5XXX 19TH AV N,9/27/2021 5:21,5:21:00,27.78949285,-82.70619185,https://app.citizenobserver.com/tips/new?alert_group_id=2995,DISSTON HEIGHTS CIVIC ASSN,8.0,COMPLAINT - HANGUP,POINT (-90.04460321 29.96318232),,,,,,,,,,,,,,,,
47,,,,,,,,,,,,,,"(27.77078791681545, -82.67560559489637)",,,,,,,,,,,,,,,,,5A04,N Claiborne Ave & Pauger St,70116.0,5.0,A4750793,E2021182574,,SUSPICIOUS PERSON,COMPLAINT,Disorderly Conduct,3XXX CENTRAL AV,9/27/2021 5:35,5:35:00,27.77078792,-82.67560559,https://app.citizenobserver.com/tips/new?alert_group_id=2995,,7.0,COMPLAINT - SUSPICIOUS PERSON,POINT (-90.06078169 29.97306012),,,,,,,,,,,,,,,,
48,,,,,,,,,,,,,,"(27.758257692048954, -82.67699688248916)",,,,,,,,,,,,,,,,,6D02,012XX 8th St,70115.0,6.0,A4750794,E2021182575,,CALL FOR OFFICER,COMPLAINT,All Other - Non-Criminal,1XXX 32ND ST S,9/27/2021 5:40,5:40:00,27.75825769,-82.67699688,https://app.citizenobserver.com/tips/new?alert_group_id=2995,THIRTY-FIRST ST NBRHD ASSN,7.0,COMPLAINT - CALL FOR OFFICER,POINT (-90.08623306 29.92587661),,,,,,,,,,,,,,,,
49,,,,,,,,,,,,,,"(27.737532759593847, -82.6339201385302)",,,,,,,,,,,,,,,,,6F02,023XX Toledano St,70115.0,6.0,A4750795,E2021182576,,SUSPICIOUS CIRCUMSTA,COMPLAINT,Disorderly Conduct,2XX POMPANO DR SE,9/27/2021 5:48,5:48:00,27.73753276,-82.63392014,https://app.citizenobserver.com/tips/new?alert_group_id=2995,COQUINA KEY PROPERTY OWNERS ASSN,6.0,COMPLAINT - SUSPICIOUS CIRCUMSTA,POINT (-90.09339749 29.93528923),,,,,,,,,,,,,,,,
0,,,,,,,,,,,,,3,,,,,,,,,,,,,,,,,,,,,,,,,,,,,,,,,,,,,,1.0,PD23031100000766 ,,TEMPORARY DETENTION ORDER,900 S MILITARY HWY,VAB,VA,420.0,MISC OTHER,COLLEGE PARK SQUARE SHPG CTR,2023/03/12 07:10:34+00,2023/03/12 07:12:44+00,2023/03/12 07:20:17+00,2023/03/12 07:20:24+00,2023/03/12 07:28:09+00,2023/03/14 19:41:07+00
1,,,,,,,,,,,,,3,,,,,,,,,,,,,,,,,,,,,,,,,,,,,,,,,,,,,,2.0,PD23031400000004 ,,PICK UP PRISONER,700 19TH ST,VAB,VA,227.0,CASE CANCELLED ,OCEANFRONT - 31ST ST SOUTH,2023/03/14 08:18:55+00,2023/03/14 08:20:14+00,,2023/03/14 16:06:48+00,2023/03/14 16:07:04+00,2023/03/14 17:38:13+00
2,,,,,,,,,,,,,2,,,,,,,,,,,,,,,,,,,,,,,,,,,,,,,,,,,,,,3.0,PD23031400000011 ,,STOLEN/UNAUTHORIZED USE OF VEHICLE,HOLLAND RD / S PLAZA TRL,VAB,VA,427.0,MISC OTHER,,2023/03/14 08:48:44+00,2023/03/14 08:49:30+00,2023/03/14 08:52:39+00,2023/03/14 08:52:39+00,2023/03/14 09:03:21+00,2023/03/14 12:58:35+00
3,,,,,,,,,,,,,3,,,,,,,,,,,,,,,,,,,,,,,,,,,,,,,,,,,,,,4.0,PD23031400000012 ,,CELLULAR 911 HANG-UP CALL,300 LEGATO CIR,VAB,VA,325.0,CASE CANCELLED ,,2023/03/14 08:53:06+00,2023/03/14 08:53:42+00,,2023/03/14 08:54:51+00,,2023/03/14 12:05:02+00
4,,,,,,,,,,,,,4,,,,,,,,,,,,,,,,,,,,,,,,,,,,,,,,,,,,,,5.0,PD23031400000036 ,,FORENSIC SERVICES UNIT REQUEST,264W LONDON BRIDGE AT,VAB,VA,222.0,MISC OTHER,,2023/03/14 10:58:45+00,2023/03/14 10:58:45+00,,2023/03/14 11:12:44+00,2023/03/14 12:00:24+00,2023/03/14 14:04:48+00
5,,,,,,,,,,,,,3,,,,,,,,,,,,,,,,,,,,,,,,,,,,,,,,,,,,,,6.0,PD23031400000038 ,,CRISIS INTERVENTION EVENT,4700 EUCLID RD,VAB,VA,324.0,Co-responder unit with law enforcement dispatched,POCAHONTAS VILLAGE AREA,2023/03/14 11:29:02+00,2023/03/14 11:30:09+00,2023/03/14 11:31:12+00,2023/03/14 11:31:39+00,2023/03/14 11:36:18+00,2023/03/14 12:48:30+00
6,,,,,,,,,,,,,2,,,,,,,,,,,,,,,,,,,,,,,,,,,,,,,,,,,,,,7.0,PD23031400000039 ,,SUSPICIOUS PERSON OR AUTO,3100 VIRGINIA BEACH BLVD,VAB,VA,321.0,UNABLE TO LOCATE,LYNNHAVEN AREA,2023/03/14 11:58:00+00,2023/03/14 11:59:03+00,2023/03/14 12:00:19+00,2023/03/14 12:00:27+00,2023/03/14 12:05:02+00,2023/03/14 12:40:34+00
7,,,,,,,,,,,,,5,,,,,,,,,,,,,,,,,,,,,,,,,,,,,,,,,,,,,,8.0,PD23031400000041 ,,PRIVATE TOW,800 CARIBE PL,VAB,VA,327.0,MISC OTHER,ST CROIX APTS,2023/03/14 12:05:53+00,2023/03/14 12:06:01+00,,,,2023/03/14 12:06:01+00
8,,,,,,,,,,,,,3,,,,,,,,,,,,,,,,,,,,,,,,,,,,,,,,,,,,,,9.0,PD23031400000046 ,,BURGLAR ALARM,1900 ASHMONT DR,VAB,VA,424.0,FALSE ALARM,GLENWOOD,2023/03/14 12:31:12+00,2023/03/14 12:31:12+00,2023/03/14 12:32:57+00,2023/03/14 12:33:00+00,2023/03/14 12:40:33+00,2023/03/14 12:43:51+00
9,,,,,,,,,,,,,3,,,,,,,,,,,,,,,,,,,,,,,,,,,,,,,,,,,,,,10.0,PD23031400000047 ,,BURGLAR ALARM,4000 VIRGINIA BEACH BLVD,VAB,VA,322.0,FALSE ALARM,ROSEMONT RD AREA,2023/03/14 12:50:09+00,2023/03/14 12:50:09+00,2023/03/14 12:54:15+00,2023/03/14 12:54:20+00,2023/03/14 12:55:16+00,2023/03/14 13:03:26+00
10,,,,,,,,,,,,,3,,,,,,,,,,,,,,,,,,,,,,,,,,,,,,,,,,,,,,11.0,PD23031400000049 ,,BURGLAR ALARM,3200 ATLANTIC AVE,VAB,VA,227.0,FALSE ALARM,OCEANFRONT - 31ST ST NORTH,2023/03/14 12:54:02+00,2023/03/14 12:54:02+00,2023/03/14 12:55:20+00,2023/03/14 12:55:26+00,2023/03/14 12:58:59+00,2023/03/14 13:02:30+00
11,,,,,,,,,,,,,3,,,,,,,,,,,,,,,,,,,,,,,,,,,,,,,,,,,,,,12.0,PD23031400000056 ,,MEDICAL ALARM,1700 LAKE CHRISTOPHER DR,VAB,VA,421.0,FALSE ALARM,LAKE CHRISTOPHER,2023/03/14 13:37:35+00,2023/03/14 13:38:06+00,2023/03/14 13:39:01+00,2023/03/14 13:39:05+00,2023/03/14 13:44:42+00,2023/03/14 13:50:06+00
12,,,,,,,,,,,,,6,,,,,,,,,,,,,,,,,,,,,,,,,,,,,,,,,,,,,,13.0,PD23031400000057 ,,PRIVATE REPOSSESSIONS,1800 GRAVENHURST DR,VAB,VA,424.0,MISC OTHER,ROSEMONT FOREST SOUTH,2023/03/14 13:44:48+00,2023/03/14 13:45:02+00,,,,2023/03/14 13:45:02+00
13,,,,,,,,,,,,,6,,,,,,,,,,,,,,,,,,,,,,,,,,,,,,,,,,,,,,14.0,PD23031400000058 ,,PRIVATE REPOSSESSIONS,300 E PALMYRA DR,VAB,VA,423.0,MISC OTHER,RIDGLEA,2023/03/14 13:48:11+00,2023/03/14 13:50:51+00,,,,2023/03/14 13:50:51+00
14,,,,,,,,,,,,,3,,,,,,,,,,,,,,,,,,,,,,,,,,,,,,,,,,,,,,15.0,PD23031400000060 ,,MEDICAL ALARM,1700 LAKE CHRISTOPHER DR,VAB,VA,421.0,MISC OTHER,LAKE CHRISTOPHER,2023/03/14 13:55:20+00,2023/03/14 13:55:34+00,,,,2023/03/14 13:59:05+00
15,,,,,,,,,,,,,3,,,,,,,,,,,,,,,,,,,,,,,,,,,,,,,,,,,,,,16.0,PD23031400000061 ,,ASSIST CITIZEN,1600 OLD DONATION PKWY,VAB,VA,223.0,NO REPORT,LINKHORN,2023/03/14 14:08:32+00,2023/03/14 14:11:45+00,,2023/03/14 14:27:15+00,,2023/03/14 14:28:22+00
16,,,,,,,,,,,,,3,,,,,,,,,,,,,,,,,,,,,,,,,,,,,,,,,,,,,,17.0,PD23031400000064 ,,ASSIST RESCUE,900 FIRST COLONIAL RD,VAB,VA,223.0,MISC OTHER,,2023/03/14 14:20:31+00,2023/03/14 14:20:31+00,2023/03/14 14:22:24+00,2023/03/14 14:22:33+00,2023/03/14 14:23:42+00,2023/03/14 15:13:53+00
17,,,,,,,,,,,,,3,,,,,,,,,,,,,,,,,,,,,,,,,,,,,,,,,,,,,,18.0,PD23031200000517 ,PD20230014290,EMERGENCY CUSTODY ORDER,5700 NORTHAMPTON BLVD,VAB,VA,331.0,MISC OTHER,BAYSIDE BOROUGH,2023/03/13 02:33:52+00,2023/03/13 02:37:30+00,,2023/03/13 04:22:53+00,2023/03/13 04:54:18+00,2023/03/14 19:50:47+00
18,,,,,,,,,,,,,3,,,,,,,,,,,,,,,,,,,,,,,,,,,,,,,,,,,,,,19.0,PD23031300000547 ,PD20230014444,WARRANT/COURT PAPERS SERVED,1400 CHARTFIELD CT,VAB,VA,425.0,MISC OTHER,SALEM WOODS,2023/03/14 03:25:42+00,2023/03/14 03:30:51+00,2023/03/14 04:10:31+00,2023/03/14 04:10:38+00,2023/03/14 04:20:20+00,2023/03/14 12:18:26+00
19,,,,,,,,,,,,,2,,,,,,,,,,,,,,,,,,,,,,,,,,,,,,,,,,,,,,20.0,PD23031400000017 ,PD20230014445,INITIAL REPORT SHOTS FIRED UNKNOWN CIRCU,264W LONDON BRIDGE AT,VAB,VA,222.0,MISC OTHER,,2023/03/14 09:10:27+00,2023/03/14 09:10:54+00,2023/03/14 09:11:05+00,2023/03/14 09:13:23+00,2023/03/14 09:13:36+00,2023/03/14 21:57:38+00
20,,,,,,,,,,,,,5,,,,,,,,,,,,,,,,,,,,,,,,,,,,,,,,,,,,,,21.0,PD23031400000040 ,,PRIVATE TOW,800 CARIBE PL,VAB,VA,327.0,MISC OTHER,ST CROIX APTS,2023/03/14 12:03:33+00,2023/03/14 12:03:44+00,,,,2023/03/14 12:03:44+00
21,,,,,,,,,,,,,3,,,,,,,,,,,,,,,,,,,,,,,,,,,,,,,,,,,,,,22.0,PD23031400000042 ,,WARRANT TRANSFER,900 INDEPENDENCE BLVD,VAB,VA,328.0,NO REPORT,BAYSIDE BOROUGH,2023/03/14 12:11:00+00,2023/03/14 12:12:42+00,,,,2023/03/14 17:12:05+00
22,,,,,,,,,,,,,3,,,,,,,,,,,,,,,,,,,,,,,,,,,,,,,,,,,,,,23.0,PD23031400000043 ,,DOMESTIC,4800 ALICIA DR,VAB,VA,423.0,CASE CANCELLED ,WEDGEWOOD PARK AREA,2023/03/14 12:12:49+00,2023/03/14 12:14:05+00,,,,2023/03/14 12:31:39+00
23,,,,,,,,,,,,,3,,,,,,,,,,,,,,,,,,,,,,,,,,,,,,,,,,,,,,24.0,PD23031400000044 ,,BURGLAR ALARM,500 WATER OAK RD,VAB,VA,427.0,FALSE ALARM,WINDSOR LAKE APTS IN WINDSOR OAKS,2023/03/14 12:14:30+00,2023/03/14 12:14:30+00,2023/03/14 12:15:18+00,2023/03/14 12:16:01+00,2023/03/14 12:26:17+00,2023/03/14 12:29:08+00
24,,,,,,,,,,,,,3,,,,,,,,,,,,,,,,,,,,,,,,,,,,,,,,,,,,,,25.0,PD23031400000045 ,,BURGLAR ALARM,2500 HORSE PASTURE RD,VAB,VA,124.0,FALSE ALARM,TAYLOR FARM COMMERCE PARK,2023/03/14 12:25:53+00,2023/03/14 12:27:12+00,2023/03/14 12:28:06+00,2023/03/14 12:28:15+00,2023/03/14 12:32:38+00,2023/03/14 12:40:48+00
25,,,,,,,,,,,,,6,,,,,,,,,,,,,,,,,,,,,,,,,,,,,,,,,,,,,,26.0,PD23031400000048 ,,PRIVATE REPOSSESSIONS,4700 POST OAK DR,VAB,VA,426.0,MISC OTHER,FOX RUN,2023/03/14 12:49:37+00,2023/03/14 12:50:26+00,,,,2023/03/14 12:50:26+00
26,,,,,,,,,,,,,3,,,,,,,,,,,,,,,,,,,,,,,,,,,,,,,,,,,,,,27.0,PD23031400000050 ,,SUSPICIOUS PERSON OR AUTO,1700 INDEPENDENCE BLVD,VAB,VA,329.0,NO REPORT,BAYSIDE BOROUGH,2023/03/14 12:56:27+00,2023/03/14 12:58:36+00,2023/03/14 13:04:32+00,2023/03/14 13:04:36+00,2023/03/14 13:13:06+00,2023/03/14 13:17:41+00
27,,,,,,,,,,,,,5,,,,,,,,,,,,,,,,,,,,,,,,,,,,,,,,,,,,,,28.0,PD23031400000051 ,,PRIVATE TOW,5600 JAX PL,VAB,VA,326.0,MISC OTHER,SPRING WATER APTS,2023/03/14 13:08:15+00,2023/03/14 13:10:05+00,,,,2023/03/14 13:10:05+00
28,,,,,,,,,,,,,3,,,,,,,,,,,,,,,,,,,,,,,,,,,,,,,,,,,,,,29.0,PD23031400000052 ,,PICK UP PRISONER,3000 BOW CREEK BLVD,VAB,VA,126.0,NO REPORT,CARRIAGE HILL/BROOKWOOD PLAZA,2023/03/14 13:10:23+00,2023/03/14 13:12:41+00,,2023/03/14 15:29:57+00,2023/03/14 15:40:00+00,2023/03/14 15:41:11+00
29,,,,,,,,,,,,,4,,,,,,,,,,,,,,,,,,,,,,,,,,,,,,,,,,,,,,30.0,PD23031400000053 ,,STRAY CAT,3100 ASHLAWN TER,VAB,VA,126.0,PICKED UP ANIMAL,CARRIAGE HILL/BROOKWOOD PLAZA,2023/03/14 13:21:16+00,2023/03/14 13:22:10+00,,2023/03/14 15:51:01+00,2023/03/14 16:24:24+00,2023/03/14 16:30:53+00
30,,,,,,,,,,,,,4,,,,,,,,,,,,,,,,,,,,,,,,,,,,,,,,,,,,,,31.0,PD23031400000055 ,,INFORMATION,5700 ALBRIGHT DR,VAB,VA,421.0,CASE CANCELLED ,BRIGADOON,2023/03/14 13:37:38+00,2023/03/14 13:38:02+00,,,,2023/03/14 13:46:11+00
31,,,,,,,,,,,,,6,,,,,,,,,,,,,,,,,,,,,,,,,,,,,,,,,,,,,,32.0,PD23031400000059 ,,PRIVATE REPOSSESSIONS,2100 LYNDORA RD,VAB,VA,424.0,MISC OTHER,ROSEMONT FOREST SOUTH,2023/03/14 13:52:54+00,2023/03/14 13:53:11+00,,,,2023/03/14 13:53:11+00
32,,,,,,,,,,,,,3,,,,,,,,,,,,,,,,,,,,,,,,,,,,,,,,,,,,,,33.0,PD23031400000062 ,,SUSPICIOUS PERSON OR AUTO,3600 KINGS POINT RD,VAB,VA,427.0,NO REPORT,,2023/03/14 14:17:12+00,2023/03/14 14:19:08+00,,2023/03/14 15:00:14+00,,2023/03/14 15:07:53+00
33,,,,,,,,,,,,,3,,,,,,,,,,,,,,,,,,,,,,,,,,,,,,,,,,,,,,34.0,PD23031400000063 ,,ASSIST CITIZEN,2000 S INDEPENDENCE BLVD,VAB,VA,424.0,CASE CANCELLED ,THE CROSSINGS APTS,2023/03/14 14:18:47+00,2023/03/14 14:20:29+00,,,,2023/03/14 14:55:40+00
34,,,,,,,,,,,,,5,,,,,,,,,,,,,,,,,,,,,,,,,,,,,,,,,,,,,,35.0,PD23031400000065 ,,PRIVATE TOW,1200 COLGIN DR,VAB,VA,326.0,MISC OTHER,SPRING WATER APTS,2023/03/14 14:34:57+00,2023/03/14 14:37:09+00,,,,2023/03/14 14:37:09+00
35,,,,,,,,,,,,,3,,,,,,,,,,,,,,,,,,,,,,,,,,,,,,,,,,,,,,36.0,PD23031400000067 ,,DISORDERLY SUBJECT(S),200 LASKIN RD,VAB,VA,227.0,NO REPORT,OCEANFRONT - 31ST ST SOUTH,2023/03/14 14:38:06+00,2023/03/14 14:39:18+00,2023/03/14 15:00:08+00,2023/03/14 15:00:14+00,2023/03/14 15:03:52+00,2023/03/14 15:25:45+00
36,,,,,,,,,,,,,5,,,,,,,,,,,,,,,,,,,,,,,,,,,,,,,,,,,,,,37.0,PD23031400000069 ,,PRIVATE TOW,1700 INDEPENDENCE BLVD,VAB,VA,329.0,MISC OTHER,BAYSIDE BOROUGH,2023/03/14 14:44:49+00,2023/03/14 14:46:26+00,,,,2023/03/14 14:46:26+00
37,,,,,,,,,,,,,3,,,,,,,,,,,,,,,,,,,,,,,,,,,,,,,,,,,,,,38.0,PD23031400000080 ,,CELLULAR 911 HANG-UP CALL,5600 LANDFALL DR,VAB,VA,325.0,UNABLE TO LOCATE,NEWPOINTE,2023/03/14 15:36:59+00,2023/03/14 15:37:59+00,2023/03/14 15:40:02+00,2023/03/14 15:44:14+00,2023/03/14 15:50:11+00,2023/03/14 15:52:30+00
38,,,,,,,,,,,,,3,,,,,,,,,,,,,,,,,,,,,,,,,,,,,,,,,,,,,,39.0,PD23031400000085 ,,CELLULAR 911 HANG-UP CALL,900 EXCAVATOR WAY,VAB,VA,420.0,CASE CANCELLED ,COLLEGE PARK SQUARE SHPG CTR,2023/03/14 15:45:54+00,2023/03/14 15:47:30+00,,,,2023/03/14 15:49:54+00
39,,,,,,,,,,,,,3,,,,,,,,,,,,,,,,,,,,,,,,,,,,,,,,,,,,,,40.0,PD23031400000087 ,,DOMESTIC,100 N FIR AVE,VAB,VA,322.0,NO REPORT,THALIA,2023/03/14 15:55:13+00,2023/03/14 15:56:10+00,2023/03/14 15:57:09+00,2023/03/14 15:57:15+00,2023/03/14 16:01:57+00,2023/03/14 16:47:15+00
40,,,,,,,,,,,,,2,,,,,,,,,,,,,,,,,,,,,,,,,,,,,,,,,,,,,,41.0,PD23031400000089 ,PD20230014455,ACCIDENT WITH INJURIES,3700 NORTH LANDING RD,VAB,VA,121.0,CRASH REPORT,NORTH LANDING,2023/03/14 15:56:21+00,2023/03/14 15:58:33+00,2023/03/14 16:01:00+00,2023/03/14 16:01:06+00,2023/03/14 16:15:59+00,2023/03/14 18:57:17+00
41,,,,,,,,,,,,,3,,,,,,,,,,,,,,,,,,,,,,,,,,,,,,,,,,,,,,42.0,PD23031400000097 ,,ASSIST RESCUE,1300 CRANE CRES,VAB,VA,123.0,NO REPORT,REDWING,2023/03/14 16:15:16+00,2023/03/14 16:15:45+00,,2023/03/14 16:17:21+00,2023/03/14 16:35:20+00,2023/03/14 17:00:26+00
42,,,,,,,,,,,,,3,,,,,,,,,,,,,,,,,,,,,,,,,,,,,,,,,,,,,,43.0,PD23031400000102 ,PD20230014463,MISSING PERSON/RUNAWAY,6300 CARLISLE SQ,VAB,VA,420.0,OFFENSE REPORT,,2023/03/14 16:21:53+00,2023/03/14 16:23:09+00,2023/03/14 16:26:31+00,2023/03/14 16:26:44+00,2023/03/14 16:47:59+00,2023/03/14 19:11:27+00
43,,,,,,,,,,,,,2,,,,,,,,,,,,,,,,,,,,,,,,,,,,,,,,,,,,,,44.0,PD23031400000103 ,PD20230014456,ACCIDENT PROPERTY DAMAGE,FIRST COLONIAL RD / MILL DAM RD,VAB,VA,221.0,CRASH REPORT,ALANTON,2023/03/14 16:24:09+00,2023/03/14 16:24:43+00,2023/03/14 16:25:33+00,2023/03/14 16:25:40+00,2023/03/14 16:27:08+00,2023/03/14 19:22:13+00
44,,,,,,,,,,,,,3,,,,,,,,,,,,,,,,,,,,,,,,,,,,,,,,,,,,,,45.0,PD23031400000106 ,,CELLULAR 911 HANG-UP CALL,5800 WARD CT,VAB,VA,331.0,NO REPORT,AIRPORT INDUSTRIAL PARK,2023/03/14 16:28:00+00,2023/03/14 16:28:53+00,,2023/03/14 16:40:16+00,2023/03/14 16:47:20+00,2023/03/14 17:02:38+00
45,,,,,,,,,,,,,3,,,,,,,,,,,,,,,,,,,,,,,,,,,,,,,,,,,,,,46.0,PD23031400000109 ,,CELLULAR 911 HANG-UP CALL,1100 FIRST COLONIAL RD,VAB,VA,221.0,NO REPORT,,2023/03/14 16:28:59+00,2023/03/14 16:29:26+00,2023/03/14 17:00:37+00,2023/03/14 17:00:42+00,,2023/03/14 17:00:44+00
46,,,,,,,,,,,,,3,,,,,,,,,,,,,,,,,,,,,,,,,,,,,,,,,,,,,,47.0,PD23031400000114 ,,ASSIST CITIZEN,600 PINEY BRANCH DR,VAB,VA,226.0,MISC OTHER,BIRDNECK VILLAGE APTS,2023/03/14 16:33:36+00,2023/03/14 16:36:22+00,2023/03/14 16:39:38+00,2023/03/14 16:39:47+00,2023/03/14 16:48:45+00,2023/03/14 17:17:11+00
47,,,,,,,,,,,,,3,,,,,,,,,,,,,,,,,,,,,,,,,,,,,,,,,,,,,,48.0,PD23031400000116 ,,INITIAL REPORT SHOTS FIRED UNKNOWN CIRCU,1300 BRIDLE CREEK BLVD,VAB,VA,425.0,NO REPORT,ROSEMONT FOREST SOUTH,2023/03/14 16:33:17+00,2023/03/14 16:36:42+00,2023/03/14 17:20:15+00,2023/03/14 17:20:48+00,2023/03/14 17:35:33+00,2023/03/14 18:09:27+00
48,,,,,,,,,,,,,3,,,,,,,,,,,,,,,,,,,,,,,,,,,,,,,,,,,,,,49.0,PD23031400000117 ,,DISPUTE / DISORDERLY SUBJECT(S),1000 THOMPKINS LN,VAB,VA,422.0,NO REPORT,NEWLIGHT,2023/03/14 16:38:26+00,2023/03/14 16:38:59+00,2023/03/14 16:39:44+00,2023/03/14 16:39:56+00,2023/03/14 16:47:05+00,2023/03/14 17:01:26+00
49,,,,,,,,,,,,,3,,,,,,,,,,,,,,,,,,,,,,,,,,,,,,,,,,,,,,50.0,PD23031400000119 ,,ASSIST CITIZEN,3800 BANYAN GROVE LN,VAB,VA,428.0,CASE CANCELLED ,BANYAN GROVE @ TOWNE SQUARE APTS,2023/03/14 16:41:02+00,2023/03/14 16:42:55+00,,,,2023/03/14 16:46:03+00
